startdate,Trip_number,membertype
2010-09-20,212,212
2010-09-21,324,324
2010-09-22,377,377
2010-09-23,373,373
2010-09-24,362,362
2010-09-25,539,539
2010-09-26,537,537
2010-09-27,286,286
2010-09-28,411,411
2010-09-29,422,422
2010-09-30,159,159
2010-10-01,578,578
2010-10-02,839,839
2010-10-03,505,505
2010-10-04,326,326
2010-10-05,624,624
2010-10-06,663,663
2010-10-07,869,869
2010-10-08,914,914
2010-10-09,1109,1109
2010-10-10,1097,1097
2010-10-11,967,967
2010-10-12,1080,1080
2010-10-13,1131,1131
2010-10-14,573,573
2010-10-15,1138,1138
2010-10-16,1374,1374
2010-10-17,1332,1332
2010-10-18,1137,1137
2010-10-19,1149,1149
2010-10-20,1140,1140
2010-10-21,1329,1329
2010-10-22,1362,1362
2010-10-23,1698,1698
2010-10-24,1544,1544
2010-10-25,1327,1327
2010-10-26,1554,1554
2010-10-27,1017,1017
2010-10-28,1695,1695
2010-10-29,1652,1652
2010-10-30,2292,2292
2010-10-31,1942,1942
2010-11-01,1451,1451
2010-11-02,1405,1405
2010-11-03,1490,1490
2010-11-04,589,589
2010-11-05,1854,1854
2010-11-06,1816,1816
2010-11-07,1414,1414
2010-11-08,1599,1599
2010-11-09,1934,1934
2010-11-10,2049,2049
2010-11-11,2049,2049
2010-11-12,2020,2020
2010-11-13,2265,2265
2010-11-14,2005,2005
2010-11-15,1736,1736
2010-11-16,772,772
2010-11-17,1923,1923
2010-11-18,1856,1856
2010-11-19,1955,1955
2010-11-20,2351,2351
2010-11-21,1752,1752
2010-11-22,1905,1905
2010-11-23,1765,1765
2010-11-24,1479,1479
2010-11-25,553,553
2010-11-26,778,778
2010-11-27,938,938
2010-11-28,944,944
2010-11-29,1484,1484
2010-11-30,1259,1259
2010-12-01,979,979
2010-12-02,1458,1458
2010-12-03,1586,1586
2010-12-04,1204,1204
2010-12-05,1011,1011
2010-12-06,1182,1182
2010-12-07,1072,1072
2010-12-08,1134,1134
2010-12-09,1268,1268
2010-12-10,1276,1276
2010-12-11,1129,1129
2010-12-12,420,420
2010-12-13,1033,1033
2010-12-14,844,844
2010-12-15,1049,1049
2010-12-16,669,669
2010-12-17,854,854
2010-12-18,823,823
2010-12-19,799,799
2010-12-20,1025,1025
2010-12-21,1036,1036
2010-12-22,1097,1097
2010-12-23,738,738
2010-12-24,343,343
2010-12-25,188,188
2010-12-26,84,84
2010-12-27,298,298
2010-12-28,689,689
2010-12-29,923,923
2010-12-30,1103,1103
2010-12-31,934,934
2011-01-01,959,959
2011-01-02,781,781
2011-01-03,1301,1301
2011-01-04,1536,1536
2011-01-05,1571,1571
2011-01-06,1573,1573
2011-01-07,1493,1493
2011-01-08,939,939
2011-01-09,802,802
2011-01-10,1298,1298
2011-01-11,1231,1231
2011-01-12,1141,1141
2011-01-13,1383,1383
2011-01-14,1384,1384
2011-01-15,1240,1240
2011-01-16,1188,1188
2011-01-17,993,993
2011-01-18,672,672
2011-01-19,1631,1631
2011-01-20,1896,1896
2011-01-21,1522,1522
2011-01-22,969,969
2011-01-23,977,977
2011-01-24,1405,1405
2011-01-25,1971,1971
2011-01-26,500,500
2011-01-27,424,424
2011-01-28,1151,1151
2011-01-29,1070,1070
2011-01-30,1084,1084
2011-01-31,1418,1418
2011-02-01,1331,1331
2011-02-02,1502,1502
2011-02-03,1534,1534
2011-02-04,1691,1691
2011-02-05,992,992
2011-02-06,1603,1603
2011-02-07,1687,1687
2011-02-08,1510,1510
2011-02-09,1592,1592
2011-02-10,1520,1520
2011-02-11,1724,1724
2011-02-12,1455,1455
2011-02-13,1558,1558
2011-02-14,1892,1892
2011-02-15,1780,1780
2011-02-16,2079,2079
2011-02-17,2443,2443
2011-02-18,2892,2892
2011-02-19,1609,1609
2011-02-20,1787,1787
2011-02-21,1093,1093
2011-02-22,1432,1432
2011-02-23,1879,1879
2011-02-24,1786,1786
2011-02-25,1443,1443
2011-02-26,1943,1943
2011-02-27,2371,2371
2011-02-28,1430,1430
2011-03-01,1832,1832
2011-03-02,2109,2109
2011-03-03,1659,1659
2011-03-04,1923,1923
2011-03-05,2054,2054
2011-03-06,582,582
2011-03-07,1842,1842
2011-03-08,2097,2097
2011-03-09,1868,1868
2011-03-10,616,616
2011-03-11,1953,1953
2011-03-12,2104,2104
2011-03-13,2375,2375
2011-03-14,2032,2032
2011-03-15,2024,2024
2011-03-16,2172,2172
2011-03-17,2718,2718
2011-03-18,3194,3194
2011-03-19,3056,3056
2011-03-20,2418,2418
2011-03-21,2058,2058
2011-03-22,2667,2667
2011-03-23,2101,2101
2011-03-24,1844,1844
2011-03-25,2186,2186
2011-03-26,2458,2458
2011-03-27,1665,1665
2011-03-28,2004,2004
2011-03-29,2397,2397
2011-03-30,1519,1519
2011-03-31,1668,1668
2011-04-01,2192,2192
2011-04-02,2225,2225
2011-04-03,3212,3212
2011-04-04,3079,3079
2011-04-05,1768,1768
2011-04-06,2776,2776
2011-04-07,3001,3001
2011-04-08,1454,1454
2011-04-09,2428,2428
2011-04-10,2850,2850
2011-04-11,3304,3304
2011-04-12,1997,1997
2011-04-13,2128,2128
2011-04-14,3210,3210
2011-04-15,3083,3083
2011-04-16,775,775
2011-04-17,3678,3678
2011-04-18,3369,3369
2011-04-19,3139,3139
2011-04-20,3898,3898
2011-04-21,3992,3992
2011-04-22,1648,1648
2011-04-23,3970,3970
2011-04-24,4116,4116
2011-04-25,4021,4021
2011-04-26,4331,4331
2011-04-27,3809,3809
2011-04-28,3996,3996
2011-04-29,4437,4437
2011-04-30,5214,5214
2011-05-01,3295,3295
2011-05-02,4329,4329
2011-05-03,4366,4366
2011-05-04,2595,2595
2011-05-05,4338,4338
2011-05-06,4536,4536
2011-05-07,4616,4616
2011-05-08,4245,4245
2011-05-09,4283,4283
2011-05-10,4733,4733
2011-05-11,4104,4104
2011-05-12,4770,4770
2011-05-13,4038,4038
2011-05-14,3352,3352
2011-05-15,4484,4484
2011-05-16,3909,3909
2011-05-17,4067,4067
2011-05-18,3812,3812
2011-05-19,4503,4503
2011-05-20,4844,4844
2011-05-21,5731,5731
2011-05-22,4596,4596
2011-05-23,4224,4224
2011-05-24,4422,4422
2011-05-25,4917,4917
2011-05-26,4631,4631
2011-05-27,4622,4622
2011-05-28,4693,4693
2011-05-29,4743,4743
2011-05-30,4047,4047
2011-05-31,3940,3940
2011-06-01,3931,3931
2011-06-02,4912,4912
2011-06-03,5242,5242
2011-06-04,5248,5248
2011-06-05,4859,4859
2011-06-06,4488,4488
2011-06-07,4783,4783
2011-06-08,4358,4358
2011-06-09,3889,3889
2011-06-10,4540,4540
2011-06-11,4902,4902
2011-06-12,4407,4407
2011-06-13,4969,4969
2011-06-14,4829,4829
2011-06-15,5123,5123
2011-06-16,3725,3725
2011-06-17,4772,4772
2011-06-18,5054,5054
2011-06-19,4676,4676
2011-06-20,3967,3967
2011-06-21,4769,4769
2011-06-22,4445,4445
2011-06-23,4724,4724
2011-06-24,4930,4930
2011-06-25,5114,5114
2011-06-26,5241,5241
2011-06-27,4655,4655
2011-06-28,4580,4580
2011-06-29,5155,5155
2011-06-30,5456,5456
2011-07-01,5296,5296
2011-07-02,5052,5052
2011-07-03,4591,4591
2011-07-04,5975,5975
2011-07-05,4614,4614
2011-07-06,4569,4569
2011-07-07,4507,4507
2011-07-08,3979,3979
2011-07-09,5268,5268
2011-07-10,4827,4827
2011-07-11,4040,4040
2011-07-12,4207,4207
2011-07-13,4289,4289
2011-07-14,5017,5017
2011-07-15,5475,5475
2011-07-16,5847,5847
2011-07-17,5245,5245
2011-07-18,4404,4404
2011-07-19,4469,4469
2011-07-20,4273,4273
2011-07-21,3737,3737
2011-07-22,3348,3348
2011-07-23,3241,3241
2011-07-24,3562,3562
2011-07-25,3790,3790
2011-07-26,4510,4510
2011-07-27,4602,4602
2011-07-28,4346,4346
2011-07-29,3819,3819
2011-07-30,4417,4417
2011-07-31,4262,4262
2011-08-01,4216,4216
2011-08-02,4804,4804
2011-08-03,3529,3529
2011-08-04,4529,4529
2011-08-05,4818,4818
2011-08-06,4245,4245
2011-08-07,3737,3737
2011-08-08,4276,4276
2011-08-09,4550,4550
2011-08-10,4710,4710
2011-08-11,4737,4737
2011-08-12,4848,4848
2011-08-13,4085,4085
2011-08-14,3774,3774
2011-08-15,4281,4281
2011-08-16,4673,4673
2011-08-17,4642,4642
2011-08-18,3756,3756
2011-08-19,4102,4102
2011-08-20,5104,5104
2011-08-21,3809,3809
2011-08-22,4699,4699
2011-08-23,5818,5818
2011-08-24,5064,5064
2011-08-25,3490,3490
2011-08-26,4607,4607
2011-08-27,1105,1105
2011-08-28,4289,4289
2011-08-29,4576,4576
2011-08-30,5148,5148
2011-08-31,4999,4999
2011-09-01,5059,5059
2011-09-02,4682,4682
2011-09-03,4426,4426
2011-09-04,4901,4901
2011-09-05,3310,3310
2011-09-06,2666,2666
2011-09-07,1964,1964
2011-09-08,1810,1810
2011-09-09,3510,3510
2011-09-10,5270,5270
2011-09-11,4957,4957
2011-09-12,4638,4638
2011-09-13,4713,4713
2011-09-14,4736,4736
2011-09-15,3612,3612
2011-09-16,4693,4693
2011-09-17,4462,4462
2011-09-18,4228,4228
2011-09-19,4467,4467
2011-09-20,3593,3593
2011-09-21,4305,4305
2011-09-22,4743,4743
2011-09-23,2367,2367
2011-09-24,5353,5353
2011-09-25,4960,4960
2011-09-26,4587,4587
2011-09-27,4069,4069
2011-09-28,3877,3877
2011-09-29,4793,4793
2011-09-30,5150,5150
2011-10-01,2402,2402
2011-10-02,2884,2884
2011-10-03,3529,3529
2011-10-04,4405,4405
2011-10-05,4771,4771
2011-10-06,4717,4717
2011-10-07,4925,4925
2011-10-08,5337,5337
2011-10-09,5445,5445
2011-10-10,5052,5052
2011-10-11,4503,4503
2011-10-12,2392,2392
2011-10-13,2882,2882
2011-10-14,3592,3592
2011-10-15,5136,5136
2011-10-16,4971,4971
2011-10-17,4519,4519
2011-10-18,4699,4699
2011-10-19,2398,2398
2011-10-20,4152,4152
2011-10-21,4258,4258
2011-10-22,4248,4248
2011-10-23,4326,4326
2011-10-24,4142,4142
2011-10-25,4630,4630
2011-10-26,3856,3856
2011-10-27,2629,2629
2011-10-28,3708,3708
2011-10-29,619,619
2011-10-30,3288,3288
2011-10-31,3633,3633
2011-11-01,4038,4038
2011-11-02,4136,4136
2011-11-03,3914,3914
2011-11-04,4003,4003
2011-11-05,3887,3887
2011-11-06,3612,3612
2011-11-07,3975,3975
2011-11-08,4149,4149
2011-11-09,4057,4057
2011-11-10,2903,2903
2011-11-11,3337,3337
2011-11-12,4033,4033
2011-11-13,3684,3684
2011-11-14,4427,4427
2011-11-15,4161,4161
2011-11-16,1805,1805
2011-11-17,3025,3025
2011-11-18,3356,3356
2011-11-19,3620,3620
2011-11-20,3472,3472
2011-11-21,2730,2730
2011-11-22,1587,1587
2011-11-23,2535,2535
2011-11-24,1477,1477
2011-11-25,2772,2772
2011-11-26,3025,3025
2011-11-27,3029,3029
2011-11-28,3812,3812
2011-11-29,2887,2887
2011-11-30,3576,3576
2011-12-01,3682,3682
2011-12-02,3901,3901
2011-12-03,3562,3562
2011-12-04,3441,3441
2011-12-05,3744,3744
2011-12-06,2563,2563
2011-12-07,698,698
2011-12-08,3295,3295
2011-12-09,3583,3583
2011-12-10,3160,3160
2011-12-11,2713,2713
2011-12-12,3264,3264
2011-12-13,3481,3481
2011-12-14,3693,3693
2011-12-15,3670,3670
2011-12-16,3537,3537
2011-12-17,2710,2710
2011-12-18,2402,2402
2011-12-19,3366,3366
2011-12-20,3714,3714
2011-12-21,2640,2640
2011-12-22,3028,3028
2011-12-23,2182,2182
2011-12-24,994,994
2011-12-25,742,742
2011-12-26,1293,1293
2011-12-27,1152,1152
2011-12-28,2275,2275
2011-12-29,2403,2403
2011-12-30,2967,2967
2011-12-31,2457,2457
2012-01-01,2260,2260
2012-01-02,1937,1937
2012-01-03,2219,2219
2012-01-04,2357,2357
2012-01-05,3251,3251
2012-01-06,4054,4054
2012-01-07,4480,4480
2012-01-08,3408,3408
2012-01-09,2325,2325
2012-01-10,3573,3573
2012-01-11,2166,2166
2012-01-12,4063,4063
2012-01-13,3190,3190
2012-01-14,2470,2470
2012-01-15,2292,2292
2012-01-16,2277,2277
2012-01-17,2913,2913
2012-01-18,3353,3353
2012-01-19,3278,3278
2012-01-20,3126,3126
2012-01-21,1284,1284
2012-01-22,1954,1954
2012-01-23,2411,2411
2012-01-24,4295,4295
2012-01-25,4234,4234
2012-01-26,4027,4027
2012-01-27,3418,3418
2012-01-28,3989,3989
2012-01-29,3206,3206
2012-01-30,3585,3585
2012-01-31,4476,4476
2012-02-01,4545,4545
2012-02-02,3737,3737
2012-02-03,4118,4118
2012-02-04,2797,2797
2012-02-05,2913,2913
2012-02-06,3757,3757
2012-02-07,4351,4351
2012-02-08,2783,2783
2012-02-09,3792,3792
2012-02-10,3797,3797
2012-02-11,2153,2153
2012-02-12,1513,1513
2012-02-13,3397,3397
2012-02-14,3885,3885
2012-02-15,4130,4130
2012-02-16,2982,2982
2012-02-17,4112,4112
2012-02-18,4271,4271
2012-02-19,2669,2669
2012-02-20,3091,3091
2012-02-21,3749,3749
2012-02-22,4736,4736
2012-02-23,5015,5015
2012-02-24,3459,3459
2012-02-25,2689,2689
2012-02-26,3360,3360
2012-02-27,4286,4286
2012-02-28,4333,4333
2012-02-29,1815,1815
2012-03-01,4935,4935
2012-03-02,3154,3154
2012-03-03,4020,4020
2012-03-04,3378,3378
2012-03-05,3308,3308
2012-03-06,3925,3925
2012-03-07,4874,4874
2012-03-08,5324,5324
2012-03-09,4525,4525
2012-03-10,4072,4072
2012-03-11,4865,4865
2012-03-12,5251,5251
2012-03-13,5788,5788
2012-03-14,6250,6250
2012-03-15,6129,6129
2012-03-16,4330,4330
2012-03-17,7755,7755
2012-03-18,5832,5832
2012-03-19,6101,6101
2012-03-20,6041,6041
2012-03-21,6169,6169
2012-03-22,6811,6811
2012-03-23,8264,8264
2012-03-24,3337,3337
2012-03-25,4937,4937
2012-03-26,5512,5512
2012-03-27,5047,5047
2012-03-28,5639,5639
2012-03-29,6055,6055
2012-03-30,5411,5411
2012-03-31,6172,6172
2012-04-01,5979,5979
2012-04-02,5881,5881
2012-04-03,6705,6705
2012-04-04,6383,6383
2012-04-05,6388,6388
2012-04-06,6411,6411
2012-04-07,6806,6806
2012-04-08,5127,5127
2012-04-09,5544,5544
2012-04-10,5867,5867
2012-04-11,4818,4818
2012-04-12,5352,5352
2012-04-13,6332,6332
2012-04-14,7367,7367
2012-04-15,7055,7055
2012-04-16,6303,6303
2012-04-17,6619,6619
2012-04-18,4334,4334
2012-04-19,6488,6488
2012-04-20,7203,7203
2012-04-21,6540,6540
2012-04-22,1000,1000
2012-04-23,3158,3158
2012-04-24,5564,5564
2012-04-25,6137,6137
2012-04-26,4989,4989
2012-04-27,6181,6181
2012-04-28,4176,4176
2012-04-29,6243,6243
2012-04-30,5528,5528
2012-05-01,5693,5693
2012-05-02,6102,6102
2012-05-03,6358,6358
2012-05-04,6214,6214
2012-05-05,6822,6822
2012-05-06,6290,6290
2012-05-07,6209,6209
2012-05-08,5689,5689
2012-05-09,4674,4674
2012-05-10,6500,6500
2012-05-11,6943,6943
2012-05-12,7334,7334
2012-05-13,6064,6064
2012-05-14,2819,2819
2012-05-15,5073,5073
2012-05-16,7255,7255
2012-05-17,7287,7287
2012-05-18,7556,7556
2012-05-19,8199,8199
2012-05-20,7042,7042
2012-05-21,4317,4317
2012-05-22,5992,5992
2012-05-23,5199,5199
2012-05-24,6705,6705
2012-05-25,6668,6668
2012-05-26,6471,6471
2012-05-27,6535,6535
2012-05-28,5991,5991
2012-05-29,5686,5686
2012-05-30,6769,6769
2012-05-31,7262,7262
2012-06-01,4078,4078
2012-06-02,8025,8025
2012-06-03,7549,7549
2012-06-04,6905,6905
2012-06-05,6941,6941
2012-06-06,6982,6982
2012-06-07,7410,7410
2012-06-08,7655,7655
2012-06-09,7421,7421
2012-06-10,6532,6532
2012-06-11,6590,6590
2012-06-12,4916,4916
2012-06-13,7353,7353
2012-06-14,7299,7299
2012-06-15,7581,7581
2012-06-16,7630,7630
2012-06-17,6906,6906
2012-06-18,5051,5051
2012-06-19,6756,6756
2012-06-20,6138,6138
2012-06-21,5825,5825
2012-06-22,5759,5759
2012-06-23,7373,7373
2012-06-24,6823,6823
2012-06-25,6706,6706
2012-06-26,7362,7362
2012-06-27,7253,7253
2012-06-28,6798,6798
2012-06-29,5395,5395
2012-06-30,5624,5624
2012-07-01,5454,5454
2012-07-02,6158,6158
2012-07-03,6582,6582
2012-07-04,7314,7314
2012-07-05,6199,6199
2012-07-06,6140,6140
2012-07-07,4789,4789
2012-07-08,4614,4614
2012-07-09,6510,6510
2012-07-10,6240,6240
2012-07-11,7192,7192
2012-07-12,7375,7375
2012-07-13,7424,7424
2012-07-14,6891,6891
2012-07-15,5952,5952
2012-07-16,6767,6767
2012-07-17,6717,6717
2012-07-18,5667,5667
2012-07-19,6546,6546
2012-07-20,5818,5818
2012-07-21,4416,4416
2012-07-22,7338,7338
2012-07-23,6885,6885
2012-07-24,7528,7528
2012-07-25,8091,8091
2012-07-26,6807,6807
2012-07-27,6840,6840
2012-07-28,6608,6608
2012-07-29,6524,6524
2012-07-30,7034,7034
2012-07-31,7140,7140
2012-08-01,7511,7511
2012-08-02,7163,7163
2012-08-03,7089,7089
2012-08-04,6737,6737
2012-08-05,5395,5395
2012-08-06,6909,6909
2012-08-07,7201,7201
2012-08-08,7436,7436
2012-08-09,7189,7189
2012-08-10,5718,5718
2012-08-11,6232,6232
2012-08-12,6459,6459
2012-08-13,6799,6799
2012-08-14,6690,6690
2012-08-15,7263,7263
2012-08-16,7524,7524
2012-08-17,7086,7086
2012-08-18,7773,7773
2012-08-19,4495,4495
2012-08-20,6479,6479
2012-08-21,6941,6941
2012-08-22,7305,7305
2012-08-23,7692,7692
2012-08-24,7513,7513
2012-08-25,5972,5972
2012-08-26,5179,5179
2012-08-27,6815,6815
2012-08-28,6983,6983
2012-08-29,7636,7636
2012-08-30,7633,7633
2012-08-31,7276,7276
2012-09-01,6081,6081
2012-09-02,5749,5749
2012-09-03,5957,5957
2012-09-04,6787,6787
2012-09-05,7054,7054
2012-09-06,6135,6135
2012-09-07,7410,7410
2012-09-08,5906,5906
2012-09-09,8119,8119
2012-09-10,7437,7437
2012-09-11,7695,7695
2012-09-12,7800,7800
2012-09-13,7742,7742
2012-09-14,7922,7922
2012-09-15,8623,8623
2012-09-16,7251,7251
2012-09-17,6775,6775
2012-09-18,4029,4029
2012-09-19,7518,7518
2012-09-20,7659,7659
2012-09-21,8076,8076
2012-09-22,8316,8316
2012-09-23,7826,7826
2012-09-24,7340,7340
2012-09-25,7467,7467
2012-09-26,7661,7661
2012-09-27,7311,7311
2012-09-28,7336,7336
2012-09-29,8470,8470
2012-09-30,6812,6812
2012-10-01,6699,6699
2012-10-02,4588,4588
2012-10-03,7496,7496
2012-10-04,7275,7275
2012-10-05,8063,8063
2012-10-06,7889,7889
2012-10-07,3463,3463
2012-10-08,5422,5422
2012-10-09,6337,6337
2012-10-10,7612,7612
2012-10-11,7509,7509
2012-10-12,7207,7207
2012-10-13,7040,7040
2012-10-14,6559,6559
2012-10-15,5826,5826
2012-10-16,7461,7461
2012-10-17,7399,7399
2012-10-18,7444,7444
2012-10-19,5358,5358
2012-10-20,8019,8019
2012-10-21,6759,6759
2012-10-22,6996,6996
2012-10-23,7397,7397
2012-10-24,7630,7630
2012-10-25,7297,7297
2012-10-26,7366,7366
2012-10-27,7769,7769
2012-10-28,4409,4409
2012-10-29,21,21
2012-10-30,1080,1080
2012-10-31,5511,5511
2012-11-01,5932,5932
2012-11-02,5795,5795
2012-11-03,5087,5087
2012-11-04,5060,5060
2012-11-05,5209,5209
2012-11-06,5639,5639
2012-11-07,4994,4994
2012-11-08,5274,5274
2012-11-09,5946,5946
2012-11-10,6478,6478
2012-11-11,6778,6778
2012-11-12,6218,6218
2012-11-13,4060,4060
2012-11-14,5437,5437
2012-11-15,5394,5394
2012-11-16,5642,5642
2012-11-17,5582,5582
2012-11-18,4637,4637
2012-11-19,5453,5453
2012-11-20,5583,5583
2012-11-21,5101,5101
2012-11-22,2393,2393
2012-11-23,3864,3864
2012-11-24,2259,2259
2012-11-25,2402,2402
2012-11-26,5040,5040
2012-11-27,3930,3930
2012-11-28,5245,5245
2012-11-29,5279,5279
2012-11-30,5617,5617
2012-12-01,5136,5136
2012-12-02,4601,4601
2012-12-03,6183,6183
2012-12-04,6562,6562
2012-12-05,5665,5665
2012-12-06,5345,5345
2012-12-07,4962,4962
2012-12-08,5526,5526
2012-12-09,3198,3198
2012-12-10,5127,5127
2012-12-11,5456,5456
2012-12-12,5279,5279
2012-12-13,5482,5482
2012-12-14,5561,5561
2012-12-15,4981,4981
2012-12-16,3743,3743
2012-12-17,4550,4550
2012-12-18,5513,5513
2012-12-19,5234,5234
2012-12-20,4097,4097
2012-12-21,3584,3584
2012-12-22,1733,1733
2012-12-23,1767,1767
2012-12-24,909,909
2012-12-25,1004,1004
2012-12-26,435,435
2012-12-27,2096,2096
2012-12-28,3068,3068
2012-12-29,1328,1328
2012-12-30,1780,1780
2012-12-31,2711,2711
2013-01-01,1964,1964
2013-01-02,3673,3673
2013-01-03,3844,3844
2013-01-04,4078,4078
2013-01-05,3517,3517
2013-01-06,3751,3751
2013-01-07,4741,4741
2013-01-08,5274,5274
2013-01-09,5110,5110
2013-01-10,5382,5382
2013-01-11,4094,4094
2013-01-12,5573,5573
2013-01-13,4114,4114
2013-01-14,5023,5023
2013-01-15,2897,2897
2013-01-16,3477,3477
2013-01-17,4769,4769
2013-01-18,4472,4472
2013-01-19,4918,4918
2013-01-20,5699,5699
2013-01-21,4527,4527
2013-01-22,2931,2931
2013-01-23,3184,3184
2013-01-24,2425,2425
2013-01-25,2354,2354
2013-01-26,2739,2739
2013-01-27,2989,2989
2013-01-28,2712,2712
2013-01-29,5791,5791
2013-01-30,4642,4642
2013-01-31,4325,4325
2013-02-01,3161,3161
2013-02-02,2450,2450
2013-02-03,2555,2555
2013-02-04,3919,3919
2013-02-05,4578,4578
2013-02-06,4871,4871
2013-02-07,4438,4438
2013-02-08,3351,3351
2013-02-09,3428,3428
2013-02-10,3576,3576
2013-02-11,4222,4222
2013-02-12,5623,5623
2013-02-13,3533,3533
2013-02-14,5117,5117
2013-02-15,5315,5315
2013-02-16,3205,3205
2013-02-17,2487,2487
2013-02-18,3320,3320
2013-02-19,3932,3932
2013-02-20,4352,4352
2013-02-21,4109,4109
2013-02-22,3526,3526
2013-02-23,2547,2547
2013-02-24,4325,4325
2013-02-25,4948,4948
2013-02-26,2742,2742
2013-02-27,5388,5388
2013-02-28,5084,5084
2013-03-01,4886,4886
2013-03-02,3707,3707
2013-03-03,3048,3048
2013-03-04,4412,4412
2013-03-05,5181,5181
2013-03-06,1125,1125
2013-03-07,5006,5006
2013-03-08,4835,4835
2013-03-09,6768,6768
2013-03-10,6764,6764
2013-03-11,6039,6039
2013-03-12,4245,4245
2013-03-13,5693,5693
2013-03-14,4826,4826
2013-03-15,6330,6330
2013-03-16,6168,6168
2013-03-17,3942,3942
2013-03-18,2747,2747
2013-03-19,5942,5942
2013-03-20,5806,5806
2013-03-21,4508,4508
2013-03-22,5407,5407
2013-03-23,6479,6479
2013-03-24,3857,3857
2013-03-25,1912,1912
2013-03-26,5583,5583
2013-03-27,5800,5800
2013-03-28,5583,5583
2013-03-29,7384,7384
2013-03-30,9598,9598
2013-03-31,3785,3785
2013-04-01,6368,6368
2013-04-02,5902,5902
2013-04-03,6226,6226
2013-04-04,5829,5829
2013-04-05,7589,7589
2013-04-06,9271,9271
2013-04-07,9762,9762
2013-04-08,8466,8466
2013-04-09,9750,9750
2013-04-10,9553,9553
2013-04-11,9091,9091
2013-04-12,5997,5997
2013-04-13,11267,11267
2013-04-14,9604,9604
2013-04-15,6908,6908
2013-04-16,8247,8247
2013-04-17,8477,8477
2013-04-18,7686,7686
2013-04-19,6118,6118
2013-04-20,8793,8793
2013-04-21,7330,7330
2013-04-22,6737,6737
2013-04-23,7434,7434
2013-04-24,8460,8460
2013-04-25,8262,8262
2013-04-26,8996,8996
2013-04-27,10820,10820
2013-04-28,7851,7851
2013-04-29,4289,4289
2013-04-30,5359,5359
2013-05-01,8608,8608
2013-05-02,8490,8490
2013-05-03,8655,8655
2013-05-04,9472,9472
2013-05-05,7986,7986
2013-05-06,6506,6506
2013-05-07,4419,4419
2013-05-08,6586,6586
2013-05-09,7793,7793
2013-05-10,8870,8870
2013-05-11,6455,6455
2013-05-12,8010,8010
2013-05-13,7381,7381
2013-05-14,8061,8061
2013-05-15,8756,8756
2013-05-16,8895,8895
2013-05-17,10047,10047
2013-05-18,6333,6333
2013-05-19,6674,6674
2013-05-20,8383,8383
2013-05-21,9042,9042
2013-05-22,8895,8895
2013-05-23,8051,8051
2013-05-24,6627,6627
2013-05-25,7944,7944
2013-05-26,9888,9888
2013-05-27,8966,8966
2013-05-28,7552,7552
2013-05-29,9275,9275
2013-05-30,8740,8740
2013-05-31,9103,9103
2013-06-01,9457,9457
2013-06-02,7664,7664
2013-06-03,7393,7393
2013-06-04,9926,9926
2013-06-05,9986,9986
2013-06-06,6854,6854
2013-06-07,2477,2477
2013-06-08,9758,9758
2013-06-09,9220,9220
2013-06-10,4368,4368
2013-06-11,9193,9193
2013-06-12,9180,9180
2013-06-13,7259,7259
2013-06-14,9783,9783
2013-06-15,10446,10446
2013-06-16,8710,8710
2013-06-17,8613,8613
2013-06-18,7140,7140
2013-06-19,10039,10039
2013-06-20,10147,10147
2013-06-21,10320,10320
2013-06-22,10799,10799
2013-06-23,7175,7175
2013-06-24,8042,8042
2013-06-25,8970,8970
2013-06-26,8392,8392
2013-06-27,8619,8619
2013-06-28,6247,6247
2013-06-29,10503,10503
2013-06-30,7087,7087
2013-07-01,7842,7842
2013-07-02,7821,7821
2013-07-03,7725,7725
2013-07-04,10742,10742
2013-07-05,10557,10557
2013-07-06,8902,8902
2013-07-07,6871,6871
2013-07-08,8070,8070
2013-07-09,8767,8767
2013-07-10,8113,8113
2013-07-11,8870,8870
2013-07-12,5725,5725
2013-07-13,9278,9278
2013-07-14,8390,8390
2013-07-15,8033,8033
2013-07-16,8402,8402
2013-07-17,8633,8633
2013-07-18,7825,7825
2013-07-19,7978,7978
2013-07-20,8623,8623
2013-07-21,8464,8464
2013-07-22,8678,8678
2013-07-23,9234,9234
2013-07-24,9761,9761
2013-07-25,10105,10105
2013-07-26,10262,10262
2013-07-27,8383,8383
2013-07-28,8139,8139
2013-07-29,9243,9243
2013-07-30,9878,9878
2013-07-31,8702,8702
2013-08-01,7755,7755
2013-08-02,9814,9814
2013-08-03,8450,8450
2013-08-04,10397,10397
2013-08-05,10053,10053
2013-08-06,8382,8382
2013-08-07,9719,9719
2013-08-08,8868,8868
2013-08-09,9462,9462
2013-08-10,10047,10047
2013-08-11,9485,9485
2013-08-12,9481,9481
2013-08-13,8303,8303
2013-08-14,10392,10392
2013-08-15,10629,10629
2013-08-16,10763,10763
2013-08-17,11042,11042
2013-08-18,5753,5753
2013-08-19,8968,8968
2013-08-20,9579,9579
2013-08-21,9140,9140
2013-08-22,9543,9543
2013-08-23,7625,7625
2013-08-24,10844,10844
2013-08-25,9481,9481
2013-08-26,9269,9269
2013-08-27,9506,9506
2013-08-28,7636,7636
2013-08-29,9343,9343
2013-08-30,9661,9661
2013-08-31,9403,9403
2013-09-01,9216,9216
2013-09-02,8025,8025
2013-09-03,8810,8810
2013-09-04,9734,9734
2013-09-05,9918,9918
2013-09-06,10142,10142
2013-09-07,10118,10118
2013-09-08,9400,9400
2013-09-09,9056,9056
2013-09-10,9432,9432
2013-09-11,9175,9175
2013-09-12,6981,6981
2013-09-13,9931,9931
2013-09-14,11131,11131
2013-09-15,9748,9748
2013-09-16,8268,8268
2013-09-17,9836,9836
2013-09-18,9952,9952
2013-09-19,10360,10360
2013-09-20,10545,10545
2013-09-21,6840,6840
2013-09-22,9339,9339
2013-09-23,8981,8981
2013-09-24,9489,9489
2013-09-25,9524,9524
2013-09-26,9788,9788
2013-09-27,9858,9858
2013-09-28,10057,10057
2013-09-29,9251,9251
2013-09-30,9032,9032
2013-10-01,10255,10255
2013-10-02,10249,10249
2013-10-03,10059,10059
2013-10-04,10158,10158
2013-10-05,10456,10456
2013-10-06,9650,9650
2013-10-07,5797,5797
2013-10-08,9829,9829
2013-10-09,6360,6360
2013-10-10,2491,2491
2013-10-11,1775,1775
2013-10-12,5191,5191
2013-10-13,5938,5938
2013-10-14,8818,8818
2013-10-15,9272,9272
2013-10-16,9629,9629
2013-10-17,9468,9468
2013-10-18,10256,10256
2013-10-19,9309,9309
2013-10-20,8493,8493
2013-10-21,8956,8956
2013-10-22,8990,8990
2013-10-23,7884,7884
2013-10-24,7823,7823
2013-10-25,7866,7866
2013-10-26,7906,7906
2013-10-27,7917,7917
2013-10-28,8515,8515
2013-10-29,8949,8949
2013-10-30,8055,8055
2013-10-31,8335,8335
2013-11-01,8046,8046
2013-11-02,9374,9374
2013-11-03,7652,7652
2013-11-04,6854,6854
2013-11-05,8152,8152
2013-11-06,8780,8780
2013-11-07,7974,7974
2013-11-08,7508,7508
2013-11-09,7541,7541
2013-11-10,7177,7177
2013-11-11,7188,7188
2013-11-12,6112,6112
2013-11-13,6466,6466
2013-11-14,7273,7273
2013-11-15,7671,7671
2013-11-16,6804,6804
2013-11-17,6945,6945
2013-11-18,8253,8253
2013-11-19,7445,7445
2013-11-20,7340,7340
2013-11-21,7521,7521
2013-11-22,8146,8146
2013-11-23,6134,6134
2013-11-24,3193,3193
2013-11-25,5260,5260
2013-11-26,1873,1873
2013-11-27,2240,2240
2013-11-28,1574,1574
2013-11-29,2918,2918
2013-11-30,3003,3003
2013-12-01,3670,3670
2013-12-02,6314,6314
2013-12-03,7449,7449
2013-12-04,7551,7551
2013-12-05,8142,8142
2013-12-06,2944,2944
2013-12-07,4878,4878
2013-12-08,1357,1357
2013-12-09,3446,3446
2013-12-10,2696,2696
2013-12-11,5470,5470
2013-12-12,5084,5084
2013-12-13,5624,5624
2013-12-14,2794,2794
2013-12-15,4301,4301
2013-12-16,5612,5612
2013-12-17,5350,5350
2013-12-18,5772,5772
2013-12-19,6653,6653
2013-12-20,6511,6511
2013-12-21,6430,6430
2013-12-22,2830,2830
2013-12-23,2002,2002
2013-12-24,2345,2345
2013-12-25,1001,1001
2013-12-26,2446,2446
2013-12-27,3584,3584
2013-12-28,4421,4421
2013-12-29,1441,1441
2013-12-30,4356,4356
2013-12-31,4126,4126
2014-01-01,3011,3011
2014-01-02,3316,3316
2014-01-03,1608,1608
2014-01-04,2242,2242
2014-01-05,2060,2060
2014-01-06,3507,3507
2014-01-07,2282,2282
2014-01-08,3855,3855
2014-01-09,4948,4948
2014-01-10,1843,1843
2014-01-11,1955,1955
2014-01-12,5413,5413
2014-01-13,6861,6861
2014-01-14,5059,5059
2014-01-15,6459,6459
2014-01-16,6016,6016
2014-01-17,6138,6138
2014-01-18,3299,3299
2014-01-19,4099,4099
2014-01-20,5316,5316
2014-01-21,1747,1747
2014-01-22,1426,1426
2014-01-23,2426,2426
2014-01-24,2623,2623
2014-01-25,2259,2259
2014-01-26,2554,2554
2014-01-27,4484,4484
2014-01-28,3129,3129
2014-01-29,3160,3160
2014-01-30,4178,4178
2014-01-31,5424,5424
2014-02-01,5342,5342
2014-02-02,5423,5423
2014-02-03,2462,2462
2014-02-04,5177,5177
2014-02-05,3746,3746
2014-02-06,5176,5176
2014-02-07,5394,5394
2014-02-08,4037,4037
2014-02-09,3120,3120
2014-02-10,4431,4431
2014-02-11,4747,4747
2014-02-12,3945,3945
2014-02-13,52,52
2014-02-14,1911,1911
2014-02-15,1748,1748
2014-02-16,2838,2838
2014-02-17,3311,3311
2014-02-18,5086,5086
2014-02-19,5622,5622
2014-02-20,6577,6577
2014-02-21,5783,5783
2014-02-22,7817,7817
2014-02-23,6065,6065
2014-02-24,5396,5396
2014-02-25,4561,4561
2014-02-26,3921,3921
2014-02-27,4882,4882
2014-02-28,4093,4093
2014-03-01,4560,4560
2014-03-02,3493,3493
2014-03-03,418,418
2014-03-04,2244,2244
2014-03-05,4512,4512
2014-03-06,4832,4832
2014-03-07,5064,5064
2014-03-08,8416,8416
2014-03-09,5916,5916
2014-03-10,6785,6785
2014-03-11,8360,8360
2014-03-12,6229,6229
2014-03-13,3984,3984
2014-03-14,6949,6949
2014-03-15,10344,10344
2014-03-16,4813,4813
2014-03-17,1279,1279
2014-03-18,4658,4658
2014-03-19,3754,3754
2014-03-20,7514,7514
2014-03-21,7677,7677
2014-03-22,10847,10847
2014-03-23,5313,5313
2014-03-24,5341,5341
2014-03-25,3092,3092
2014-03-26,4933,4933
2014-03-27,6449,6449
2014-03-28,6670,6670
2014-03-29,2262,2262
2014-03-30,896,896
2014-03-31,8158,8158
2014-04-01,9371,9371
2014-04-02,8886,8886
2014-04-03,9107,9107
2014-04-04,8877,8877
2014-04-05,10754,10754
2014-04-06,9817,9817
2014-04-07,2801,2801
2014-04-08,8849,8849
2014-04-09,9873,9873
2014-04-10,11241,11241
2014-04-11,11432,11432
2014-04-12,15564,15564
2014-04-13,14419,14419
2014-04-14,10574,10574
2014-04-15,1816,1816
2014-04-16,7771,7771
2014-04-17,8624,8624
2014-04-18,9341,9341
2014-04-19,11926,11926
2014-04-20,9513,9513
2014-04-21,9670,9670
2014-04-22,9108,9108
2014-04-23,8925,8925
2014-04-24,9804,9804
2014-04-25,7574,7574
2014-04-26,11510,11510
2014-04-27,11041,11041
2014-04-28,6415,6415
2014-04-29,3115,3115
2014-04-30,1793,1793
2014-05-01,9578,9578
2014-05-02,10333,10333
2014-05-03,11182,11182
2014-05-04,10512,10512
2014-05-05,8087,8087
2014-05-06,10403,10403
2014-05-07,8562,8562
2014-05-08,10404,10404
2014-05-09,10409,10409
2014-05-10,8231,8231
2014-05-11,10969,10969
2014-05-12,9434,9434
2014-05-13,9930,9930
2014-05-14,9721,9721
2014-05-15,9400,9400
2014-05-16,8033,8033
2014-05-17,11203,11203
2014-05-18,10207,10207
2014-05-19,10433,10433
2014-05-20,10847,10847
2014-05-21,8503,8503
2014-05-22,10326,10326
2014-05-23,10399,10399
2014-05-24,10525,10525
2014-05-25,12085,12085
2014-05-26,10689,10689
2014-05-27,8221,8221
2014-05-28,9922,9922
2014-05-29,5307,5307
2014-05-30,10805,10805
2014-05-31,12074,12074
2014-06-01,10932,10932
2014-06-02,10355,10355
2014-06-03,10367,10367
2014-06-04,10166,10166
2014-06-05,10737,10737
2014-06-06,11809,11809
2014-06-07,11840,11840
2014-06-08,10588,10588
2014-06-09,10496,10496
2014-06-10,9548,9548
2014-06-11,8612,8612
2014-06-12,9210,9210
2014-06-13,9457,9457
2014-06-14,11894,11894
2014-06-15,11036,11036
2014-06-16,10432,10432
2014-06-17,10506,10506
2014-06-18,9991,9991
2014-06-19,10424,10424
2014-06-20,11634,11634
2014-06-21,9806,9806
2014-06-22,10828,10828
2014-06-23,10838,10838
2014-06-24,11169,11169
2014-06-25,10196,10196
2014-06-26,10965,10965
2014-06-27,10639,10639
2014-06-28,10850,10850
2014-06-29,10778,10778
2014-06-30,10471,10471
2014-07-01,10502,10502
2014-07-02,9565,9565
2014-07-03,8598,8598
2014-07-04,11897,11897
2014-07-05,12826,12826
2014-07-06,10926,10926
2014-07-07,10053,10053
2014-07-08,8543,8543
2014-07-09,8799,8799
2014-07-10,8689,8689
2014-07-11,11229,11229
2014-07-12,11512,11512
2014-07-13,9341,9341
2014-07-14,8539,8539
2014-07-15,7852,7852
2014-07-16,11308,11308
2014-07-17,11610,11610
2014-07-18,11657,11657
2014-07-19,11764,11764
2014-07-20,10805,10805
2014-07-21,11029,11029
2014-07-22,11192,11192
2014-07-23,10221,10221
2014-07-24,10690,10690
2014-07-25,12311,12311
2014-07-26,11983,11983
2014-07-27,10005,10005
2014-07-28,10688,10688
2014-07-29,11358,11358
2014-07-30,11359,11359
2014-07-31,10982,10982
2014-08-01,9852,9852
2014-08-02,10837,10837
2014-08-03,9824,9824
2014-08-04,10887,10887
2014-08-05,10716,10716
2014-08-06,10951,10951
2014-08-07,11063,11063
2014-08-08,11274,11274
2014-08-09,10356,10356
2014-08-10,10679,10679
2014-08-11,9612,9612
2014-08-12,5971,5971
2014-08-13,10882,10882
2014-08-14,11006,11006
2014-08-15,11942,11942
2014-08-16,12251,12251
2014-08-17,10588,10588
2014-08-18,10714,10714
2014-08-19,10530,10530
2014-08-20,9150,9150
2014-08-21,9735,9735
2014-08-22,10244,10244
2014-08-23,6431,6431
2014-08-24,10792,10792
2014-08-25,10744,10744
2014-08-26,10874,10874
2014-08-27,11138,11138
2014-08-28,11061,11061
2014-08-29,11612,11612
2014-08-30,10214,10214
2014-08-31,8940,8940
2014-09-01,8303,8303
2014-09-02,8623,8623
2014-09-03,10412,10412
2014-09-04,10830,10830
2014-09-05,11006,11006
2014-09-06,9315,9315
2014-09-07,11229,11229
2014-09-08,10377,10377
2014-09-09,10978,10978
2014-09-10,11233,11233
2014-09-11,10997,10997
2014-09-12,12179,12179
2014-09-13,8207,8207
2014-09-14,11911,11911
2014-09-15,11348,11348
2014-09-16,12134,12134
2014-09-17,11633,11633
2014-09-18,11507,11507
2014-09-19,11855,11855
2014-09-20,12677,12677
2014-09-21,10737,10737
2014-09-22,11002,11002
2014-09-23,11592,11592
2014-09-24,9309,9309
2014-09-25,6645,6645
2014-09-26,12131,12131
2014-09-27,12626,12626
2014-09-28,10904,10904
2014-09-29,10628,10628
2014-09-30,11608,11608
2014-10-01,10550,10550
2014-10-02,11697,11697
2014-10-03,10903,10903
2014-10-04,10642,10642
2014-10-05,9647,9647
2014-10-06,10655,10655
2014-10-07,9464,9464
2014-10-08,11261,11261
2014-10-09,11230,11230
2014-10-10,8144,8144
2014-10-11,5697,5697
2014-10-12,9419,9419
2014-10-13,6611,6611
2014-10-14,10900,10900
2014-10-15,6100,6100
2014-10-16,10076,10076
2014-10-17,11940,11940
2014-10-18,10848,10848
2014-10-19,8121,8121
2014-10-20,9426,9426
2014-10-21,7467,7467
2014-10-22,4386,4386
2014-10-23,9754,9754
2014-10-24,10453,10453
2014-10-25,11182,11182
2014-10-26,10253,10253
2014-10-27,10538,10538
2014-10-28,11582,11582
2014-10-29,9396,9396
2014-10-30,10045,10045
2014-10-31,9575,9575
2014-11-01,6064,6064
2014-11-02,5643,5643
2014-11-03,8563,8563
2014-11-04,9809,9809
2014-11-05,9118,9118
2014-11-06,7306,7306
2014-11-07,8690,8690
2014-11-08,7551,7551
2014-11-09,7826,7826
2014-11-10,9294,9294
2014-11-11,10772,10772
2014-11-12,9539,9539
2014-11-13,7124,7124
2014-11-14,7018,7018
2014-11-15,5938,5938
2014-11-16,4737,4737
2014-11-17,4083,4083
2014-11-18,5528,5528
2014-11-19,5982,5982
2014-11-20,7235,7235
2014-11-21,6345,6345
2014-11-22,5561,5561
2014-11-23,5560,5560
2014-11-24,9142,9142
2014-11-25,8127,8127
2014-11-26,1424,1424
2014-11-27,1843,1843
2014-11-28,2609,2609
2014-11-29,3651,3651
2014-11-30,4966,4966
2014-12-01,6314,6314
2014-12-02,2653,2653
2014-12-03,6853,6853
2014-12-04,7332,7332
2014-12-05,5986,5986
2014-12-06,2677,2677
2014-12-07,5253,5253
2014-12-08,6026,6026
2014-12-09,3290,3290
2014-12-10,6697,6697
2014-12-11,6320,6320
2014-12-12,6760,6760
2014-12-13,5623,5623
2014-12-14,5247,5247
2014-12-15,7638,7638
2014-12-16,5947,5947
2014-12-17,7369,7369
2014-12-18,6313,6313
2014-12-19,5867,5867
2014-12-20,3847,3847
2014-12-21,3552,3552
2014-12-22,2963,2963
2014-12-23,3720,3720
2014-12-24,1212,1212
2014-12-25,1635,1635
2014-12-26,2911,2911
2014-12-27,4181,4181
2014-12-28,2861,2861
2014-12-29,5142,5142
2014-12-30,5162,5162
2014-12-31,4209,4209
2015-01-01,2578,2578
2015-01-02,5108,5108
2015-01-03,1703,1703
2015-01-04,3658,3658
2015-01-05,5222,5222
2015-01-06,2060,2060
2015-01-07,3035,3035
2015-01-08,2952,2952
2015-01-09,4214,4214
2015-01-10,2673,2673
2015-01-11,3451,3451
2015-01-12,2155,2155
2015-01-13,5473,5473
2015-01-14,4555,4555
2015-01-15,5774,5774
2015-01-16,5683,5683
2015-01-17,4217,4217
2015-01-18,2523,2523
2015-01-19,4634,4634
2015-01-20,6263,6263
2015-01-21,5350,5350
2015-01-22,6369,6369
2015-01-23,4733,4733
2015-01-24,3472,3472
2015-01-25,5159,5159
2015-01-26,2429,2429
2015-01-27,4067,4067
2015-01-28,5094,5094
2015-01-29,4628,4628
2015-01-30,4848,4848
2015-01-31,3331,3331
2015-02-01,3587,3587
2015-02-02,3881,3881
2015-02-03,5117,5117
2015-02-04,6074,6074
2015-02-05,4986,4986
2015-02-06,4927,4927
2015-02-07,4925,4925
2015-02-08,6647,6647
2015-02-09,4939,4939
2015-02-10,5667,5667
2015-02-11,6592,6592
2015-02-12,5439,5439
2015-02-13,4010,4010
2015-02-14,2933,2933
2015-02-15,1041,1041
2015-02-16,1315,1315
2015-02-17,1178,1178
2015-02-18,3143,3143
2015-02-19,2682,2682
2015-02-20,2484,2484
2015-02-21,741,741
2015-02-22,1989,1989
2015-02-23,3597,3597
2015-02-24,3871,3871
2015-02-25,4950,4950
2015-02-26,3475,3475
2015-02-27,4640,4640
2015-02-28,3222,3222
2015-03-01,768,768
2015-03-02,4067,4067
2015-03-03,3831,3831
2015-03-04,4141,4141
2015-03-05,538,538
2015-03-06,1928,1928
2015-03-07,3182,3182
2015-03-08,5348,5348
2015-03-09,7942,7942
2015-03-10,3941,3941
2015-03-11,7700,7700
2015-03-12,8999,8999
2015-03-13,7908,7908
2015-03-14,3547,3547
2015-03-15,6416,6416
2015-03-16,8781,8781
2015-03-17,9027,9027
2015-03-18,7382,7382
2015-03-19,8044,8044
2015-03-20,2905,2905
2015-03-21,9043,9043
2015-03-22,7953,7953
2015-03-23,7967,7967
2015-03-24,7729,7729
2015-03-25,7423,7423
2015-03-26,8536,8536
2015-03-27,6002,6002
2015-03-28,4573,4573
2015-03-29,5672,5672
2015-03-30,8952,8952
2015-03-31,8011,8011
2015-04-01,9877,9877
2015-04-02,11276,11276
2015-04-03,6428,6428
2015-04-04,10438,10438
2015-04-05,10187,10187
2015-04-06,12640,12640
2015-04-07,11117,11117
2015-04-08,7441,7441
2015-04-09,7828,7828
2015-04-10,9398,9398
2015-04-11,16746,16746
2015-04-12,15752,15752
2015-04-13,12696,12696
2015-04-14,3825,3825
2015-04-15,11129,11129
2015-04-16,11691,11691
2015-04-17,12550,12550
2015-04-18,16008,16008
2015-04-19,10255,10255
2015-04-20,9068,9068
2015-04-21,11644,11644
2015-04-22,10545,10545
2015-04-23,10107,10107
2015-04-24,10376,10376
2015-04-25,7192,7192
2015-04-26,10337,10337
2015-04-27,8869,8869
2015-04-28,10999,10999
2015-04-29,11664,11664
2015-04-30,10257,10257
2015-05-01,10356,10356
2015-05-02,12579,12579
2015-05-03,12106,12106
2015-05-04,11992,11992
2015-05-05,11100,11100
2015-05-06,11489,11489
2015-05-07,12322,12322
2015-05-08,13431,13431
2015-05-09,12851,12851
2015-05-10,11100,11100
2015-05-11,12139,12139
2015-05-12,12067,12067
2015-05-13,11780,11780
2015-05-14,12617,12617
2015-05-15,13651,13651
2015-05-16,11208,11208
2015-05-17,10942,10942
2015-05-18,10445,10445
2015-05-19,12068,12068
2015-05-20,12986,12986
2015-05-21,6983,6983
2015-05-22,12531,12531
2015-05-23,12720,12720
2015-05-24,13579,13579
2015-05-25,12009,12009
2015-05-26,11354,11354
2015-05-27,11475,11475
2015-05-28,11638,11638
2015-05-29,12067,12067
2015-05-30,12672,12672
2015-05-31,10928,10928
2015-06-01,8106,8106
2015-06-02,8055,8055
2015-06-03,9882,9882
2015-06-04,6360,6360
2015-06-05,11082,11082
2015-06-06,12685,12685
2015-06-07,11675,11675
2015-06-08,9967,9967
2015-06-09,11772,11772
2015-06-10,11590,11590
2015-06-11,11854,11854
2015-06-12,10872,10872
2015-06-13,11768,11768
2015-06-14,9515,9515
2015-06-15,9987,9987
2015-06-16,11500,11500
2015-06-17,11175,11175
2015-06-18,9995,9995
2015-06-19,12024,12024
2015-06-20,9318,9318
2015-06-21,8784,8784
2015-06-22,11263,11263
2015-06-23,9190,9190
2015-06-24,12590,12590
2015-06-25,11131,11131
2015-06-26,13042,13042
2015-06-27,3305,3305
2015-06-28,11621,11621
2015-06-29,12205,12205
2015-06-30,11980,11980
2015-07-01,11223,11223
2015-07-02,11257,11257
2015-07-03,12791,12791
2015-07-04,10288,10288
2015-07-05,12199,12199
2015-07-06,10902,10902
2015-07-07,12223,12223
2015-07-08,9495,9495
2015-07-09,11045,11045
2015-07-10,13013,13013
2015-07-11,12420,12420
2015-07-12,11711,11711
2015-07-13,10224,10224
2015-07-14,11591,11591
2015-07-15,12088,12088
2015-07-16,13257,13257
2015-07-17,12627,12627
2015-07-18,11096,11096
2015-07-19,10148,10148
2015-07-20,10856,10856
2015-07-21,11811,11811
2015-07-22,12934,12934
2015-07-23,12992,12992
2015-07-24,13339,13339
2015-07-25,12902,12902
2015-07-26,11314,11314
2015-07-27,10919,10919
2015-07-28,11976,11976
2015-07-29,12170,12170
2015-07-30,10808,10808
2015-07-31,12396,12396
2015-08-01,12043,12043
2015-08-02,11447,11447
2015-08-03,12085,12085
2015-08-04,11626,11626
2015-08-05,12501,12501
2015-08-06,12617,12617
2015-08-07,12181,12181
2015-08-08,12970,12970
2015-08-09,11651,11651
2015-08-10,10494,10494
2015-08-11,11342,11342
2015-08-12,12485,12485
2015-08-13,12435,12435
2015-08-14,12549,12549
2015-08-15,12082,12082
2015-08-16,10192,10192
2015-08-17,10971,10971
2015-08-18,11595,11595
2015-08-19,11966,11966
2015-08-20,10192,10192
2015-08-21,12902,12902
2015-08-22,12339,12339
2015-08-23,10981,10981
2015-08-24,10283,10283
2015-08-25,12672,12672
2015-08-26,12330,12330
2015-08-27,12406,12406
2015-08-28,12210,12210
2015-08-29,11526,11526
2015-08-30,10188,10188
2015-08-31,11052,11052
2015-09-01,11522,11522
2015-09-02,11378,11378
2015-09-03,11131,11131
2015-09-04,11050,11050
2015-09-05,10867,10867
2015-09-06,12400,12400
2015-09-07,10351,10351
2015-09-08,10965,10965
2015-09-09,11065,11065
2015-09-10,10356,10356
2015-09-11,12167,12167
2015-09-12,6665,6665
2015-09-13,10397,10397
2015-09-14,11156,11156
2015-09-15,11943,11943
2015-09-16,11938,11938
2015-09-17,11949,11949
2015-09-18,11956,11956
2015-09-19,11580,11580
2015-09-20,10998,10998
2015-09-21,7816,7816
2015-09-22,11952,11952
2015-09-23,12773,12773
2015-09-24,12514,12514
2015-09-25,11403,11403
2015-09-26,11038,11038
2015-09-27,9979,9979
2015-09-28,11305,11305
2015-09-29,7240,7240
2015-09-30,10184,10184
2015-10-01,4799,4799
2015-10-02,2079,2079
2015-10-03,4050,4050
2015-10-04,6624,6624
2015-10-05,10445,10445
2015-10-06,11551,11551
2015-10-07,11734,11734
2015-10-08,11711,11711
2015-10-09,10501,10501
2015-10-10,10269,10269
2015-10-11,10491,10491
2015-10-12,10495,10495
2015-10-13,10803,10803
2015-10-14,11406,11406
2015-10-15,11506,11506
2015-10-16,11263,11263
2015-10-17,8782,8782
2015-10-18,6978,6978
2015-10-19,9074,9074
2015-10-20,10036,10036
2015-10-21,10678,10678
2015-10-22,11287,11287
2015-10-23,11470,11470
2015-10-24,9730,9730
2015-10-25,8587,8587
2015-10-26,9973,9973
2015-10-27,9797,9797
2015-10-28,5179,5179
2015-10-29,10632,10632
2015-10-30,9700,9700
2015-10-31,8721,8721
2015-11-01,7211,7211
2015-11-02,9446,9446
2015-11-03,10508,10508
2015-11-04,10822,10822
2015-11-05,10553,10553
2015-11-06,11609,11609
2015-11-07,5610,5610
2015-11-08,8994,8994
2015-11-09,6715,6715
2015-11-10,5773,5773
2015-11-11,8901,8901
2015-11-12,8476,8476
2015-11-13,9262,9262
2015-11-14,7171,7171
2015-11-15,7441,7441
2015-11-16,9156,9156
2015-11-17,9226,9226
2015-11-18,9768,9768
2015-11-19,6255,6255
2015-11-20,9097,9097
2015-11-21,7299,7299
2015-11-22,4948,4948
2015-11-23,6601,6601
2015-11-24,7500,7500
2015-11-25,6864,6864
2015-11-26,3394,3394
2015-11-27,6240,6240
2015-11-28,6418,6418
2015-11-29,2877,2877
2015-11-30,4160,4160
2015-12-01,3954,3954
2015-12-02,5740,5740
2015-12-03,7969,7969
2015-12-04,7940,7940
2015-12-05,7086,7086
2015-12-06,5980,5980
2015-12-07,7928,7928
2015-12-08,8458,8458
2015-12-09,7982,7982
2015-12-10,8685,8685
2015-12-11,8722,8722
2015-12-12,8720,8720
2015-12-13,8034,8034
2015-12-14,6645,6645
2015-12-15,8803,8803
2015-12-16,8625,8625
2015-12-17,4553,4553
2015-12-18,6698,6698
2015-12-19,4279,4279
2015-12-20,4219,4219
2015-12-21,6675,6675
2015-12-22,4934,4934
2015-12-23,2263,2263
2015-12-24,2796,2796
2015-12-25,1502,1502
2015-12-26,2702,2702
2015-12-27,4623,4623
2015-12-28,4459,4459
2015-12-29,5253,5253
2015-12-30,5275,5275
2015-12-31,5855,5855
2016-01-01,3220,3220
2016-01-02,4921,4921
2016-01-03,4965,4965
2016-01-04,5133,5133
2016-01-05,4850,4850
2016-01-06,5712,5712
2016-01-07,6592,6592
2016-01-08,6153,6153
2016-01-09,5314,5314
2016-01-10,5663,5663
2016-01-11,6294,6294
2016-01-12,6490,6490
2016-01-13,5620,5620
2016-01-14,7164,7164
2016-01-15,5983,5983
2016-01-16,5908,5908
2016-01-17,3400,3400
2016-01-18,2499,2499
2016-01-19,3912,3912
2016-01-20,4321,4321
2016-01-21,4228,4228
2016-01-22,2985,2985
2016-01-23,0,0
2016-01-24,0,0
2016-01-25,0,0
2016-01-26,0,0
2016-01-27,528,528
2016-01-28,2022,2022
2016-01-29,2942,2942
2016-01-30,2822,2822
2016-01-31,3611,3611
2016-02-01,4604,4604
2016-02-02,6584,6584
2016-02-03,4243,4243
2016-02-04,6691,6691
2016-02-05,5822,5822
2016-02-06,5042,5042
2016-02-07,4664,4664
2016-02-08,5994,5994
2016-02-09,4053,4053
2016-02-10,5493,5493
2016-02-11,4246,4246
2016-02-12,4363,4363
2016-02-13,1535,1535
2016-02-14,1851,1851
2016-02-15,501,501
2016-02-16,3238,3238
2016-02-17,6097,6097
2016-02-18,5822,5822
2016-02-19,5633,5633
2016-02-20,8245,8245
2016-02-21,4254,4254
2016-02-22,7148,7148
2016-02-23,2585,2585
2016-02-24,3279,3279
2016-02-25,6330,6330
2016-02-26,5345,5345
2016-02-27,5432,5432
2016-02-28,8732,8732
2016-02-29,7828,7828
2016-03-01,8588,8588
2016-03-02,5918,5918
2016-03-03,5902,5902
2016-03-04,5345,5345
2016-03-05,5334,5334
2016-03-06,5899,5899
2016-03-07,9003,9003
2016-03-08,10558,10558
2016-03-09,11214,11214
2016-03-10,10954,10954
2016-03-11,11219,11219
2016-03-12,10428,10428
2016-03-13,5194,5194
2016-03-14,7671,7671
2016-03-15,8558,8558
2016-03-16,13356,13356
2016-03-17,10673,10673
2016-03-18,11429,11429
2016-03-19,3227,3227
2016-03-20,4532,4532
2016-03-21,7580,7580
2016-03-22,9763,9763
2016-03-23,12340,12340
2016-03-24,13363,13363
2016-03-25,12212,12212
2016-03-26,14116,14116
2016-03-27,8564,8564
2016-03-28,8430,8430
2016-03-29,10221,10221
2016-03-30,10873,10873
2016-03-31,11029,11029
2016-04-01,10874,10874
2016-04-02,9282,9282
2016-04-03,6800,6800
2016-04-04,7398,7398
2016-04-05,7512,7512
2016-04-06,9068,9068
2016-04-07,5433,5433
2016-04-08,9529,9529
2016-04-09,4069,4069
2016-04-10,7421,7421
2016-04-11,9456,9456
2016-04-12,8583,8583
2016-04-13,10131,10131
2016-04-14,10523,10523
2016-04-15,11395,11395
2016-04-16,13505,13505
2016-04-17,12367,12367
2016-04-18,11882,11882
2016-04-19,11927,11927
2016-04-20,11650,11650
2016-04-21,11447,11447
2016-04-22,11093,11093
2016-04-23,8487,8487
2016-04-24,11948,11948
2016-04-25,11694,11694
2016-04-26,11718,11718
2016-04-27,8360,8360
2016-04-28,5195,5195
2016-04-29,8258,8258
2016-04-30,8511,8511
2016-05-01,4376,4376
2016-05-02,8139,8139
2016-05-03,8132,8132
2016-05-04,9625,9625
2016-05-05,8726,8726
2016-05-06,3102,3102
2016-05-07,9225,9225
2016-05-08,10803,10803
2016-05-09,9164,9164
2016-05-10,10242,10242
2016-05-11,7669,7669
2016-05-12,10805,10805
2016-05-13,10106,10106
2016-05-14,9389,9389
2016-05-15,8507,8507
2016-05-16,11357,11357
2016-05-17,5374,5374
2016-05-18,10583,10583
2016-05-19,11720,11720
2016-05-20,13860,13860
2016-05-21,4432,4432
2016-05-22,2851,2851
2016-05-23,8048,8048
2016-05-24,13235,13235
2016-05-25,12786,12786
2016-05-26,12188,12188
2016-05-27,12139,12139
2016-05-28,11560,11560
2016-05-29,9069,9069
2016-05-30,9930,9930
2016-05-31,11578,11578
2016-06-01,12355,12355
2016-06-02,12366,12366
2016-06-03,8517,8517
2016-06-04,11991,11991
2016-06-05,9378,9378
2016-06-06,12468,12468
2016-06-07,13271,13271
2016-06-08,13586,13586
2016-06-09,13423,13423
2016-06-10,13730,13730
2016-06-11,11993,11993
2016-06-12,11023,11023
2016-06-13,13161,13161
2016-06-14,13949,13949
2016-06-15,12954,12954
2016-06-16,11056,11056
2016-06-17,13290,13290
2016-06-18,13550,13550
2016-06-19,11830,11830
2016-06-20,12912,12912
2016-06-21,9513,9513
2016-06-22,13902,13902
2016-06-23,9435,9435
2016-06-24,12405,12405
2016-06-25,13600,13600
2016-06-26,12356,12356
2016-06-27,11922,11922
2016-06-28,11064,11064
2016-06-29,13778,13778
2016-06-30,13319,13319
2016-07-01,12405,12405
2016-07-02,14072,14072
2016-07-03,13036,13036
2016-07-04,7600,7600
2016-07-05,11970,11970
2016-07-06,12448,12448
2016-07-07,12218,12218
2016-07-08,11581,11581
2016-07-09,12198,12198
2016-07-10,11981,11981
2016-07-11,12710,12710
2016-07-12,13168,13168
2016-07-13,12520,12520
2016-07-14,12086,12086
2016-07-15,12613,12613
2016-07-16,13837,13837
2016-07-17,15526,15526
2016-07-18,9729,9729
2016-07-19,12325,12325
2016-07-20,13300,13300
2016-07-21,12862,12862
2016-07-22,12105,12105
2016-07-23,10261,10261
2016-07-24,9615,9615
2016-07-25,10275,10275
2016-07-26,11150,11150
2016-07-27,11568,11568
2016-07-28,9366,9366
2016-07-29,12151,12151
2016-07-30,8938,8938
2016-07-31,10844,10844
2016-08-01,11951,11951
2016-08-02,13374,13374
2016-08-03,13591,13591
2016-08-04,13555,13555
2016-08-05,13186,13186
2016-08-06,11340,11340
2016-08-07,11962,11962
2016-08-08,11926,11926
2016-08-09,12424,12424
2016-08-10,12258,12258
2016-08-11,11466,11466
2016-08-12,10853,10853
2016-08-13,8717,8717
2016-08-14,7708,7708
2016-08-15,9240,9240
2016-08-16,11316,11316
2016-08-17,10988,10988
2016-08-18,11821,11821
2016-08-19,11915,11915
2016-08-20,11534,11534
2016-08-21,7252,7252
2016-08-22,12349,12349
2016-08-23,13042,13042
2016-08-24,12753,12753
2016-08-25,12524,12524
2016-08-26,11296,11296
2016-08-27,11197,11197
2016-08-28,10528,10528
2016-08-29,11433,11433
2016-08-30,12216,12216
2016-08-31,11613,11613
2016-09-01,9998,9998
2016-09-02,12715,12715
2016-09-03,11027,11027
2016-09-04,12790,12790
2016-09-05,11220,11220
2016-09-06,11752,11752
2016-09-07,11028,11028
2016-09-08,11470,11470
2016-09-09,11415,11415
2016-09-10,10376,10376
2016-09-11,11585,11585
2016-09-12,12311,12311
2016-09-13,12805,12805
2016-09-14,12525,12525
2016-09-15,13273,13273
2016-09-16,13211,13211
2016-09-17,12902,12902
2016-09-18,11347,11347
2016-09-19,8464,8464
2016-09-20,12630,12630
2016-09-21,12489,12489
2016-09-22,12730,12730
2016-09-23,13342,13342
2016-09-24,13106,13106
2016-09-25,11949,11949
2016-09-26,11452,11452
2016-09-27,12357,12357
2016-09-28,7727,7727
2016-09-29,5886,5886
2016-09-30,8526,8526
2016-10-01,6629,6629
2016-10-02,10444,10444
2016-10-03,12301,12301
2016-10-04,12794,12794
2016-10-05,12590,12590
2016-10-06,12362,12362
2016-10-07,13195,13195
2016-10-08,5125,5125
2016-10-09,10026,10026
2016-10-10,10415,10415
2016-10-11,11529,11529
2016-10-12,11797,11797
2016-10-13,12239,12239
2016-10-14,12471,12471
2016-10-15,12319,12319
2016-10-16,11253,11253
2016-10-17,11905,11905
2016-10-18,12986,12986
2016-10-19,12921,12921
2016-10-20,13020,13020
2016-10-21,10585,10585
2016-10-22,8904,8904
2016-10-23,9605,9605
2016-10-24,10800,10800
2016-10-25,11181,11181
2016-10-26,10697,10697
2016-10-27,9280,9280
2016-10-28,10627,10627
2016-10-29,11615,11615
2016-10-30,10902,10902
2016-10-31,10726,10726
2016-11-01,11369,11369
2016-11-02,12123,12123
2016-11-03,11958,11958
2016-11-04,11980,11980
2016-11-05,11303,11303
2016-11-06,9840,9840
2016-11-07,10155,10155
2016-11-08,12026,12026
2016-11-09,7399,7399
2016-11-10,10251,10251
2016-11-11,9848,9848
2016-11-12,8327,8327
2016-11-13,8155,8155
2016-11-14,9210,9210
2016-11-15,10395,10395
2016-11-16,10046,10046
2016-11-17,10495,10495
2016-11-18,11253,11253
2016-11-19,8247,8247
2016-11-20,3826,3826
2016-11-21,6826,6826
2016-11-22,7626,7626
2016-11-23,6903,6903
2016-11-24,3328,3328
2016-11-25,5831,5831
2016-11-26,4991,4991
2016-11-27,4867,4867
2016-11-28,8027,8027
2016-11-29,6331,6331
2016-11-30,6170,6170
2016-12-01,9131,9131
2016-12-02,8411,8411
2016-12-03,6209,6209
2016-12-04,5264,5264
2016-12-05,8210,8210
2016-12-06,3893,3893
2016-12-07,8655,8655
2016-12-08,7993,7993
2016-12-09,6419,6419
2016-12-10,4202,4202
2016-12-11,3815,3815
2016-12-12,7037,7037
2016-12-13,7743,7743
2016-12-14,7610,7610
2016-12-15,4556,4556
2016-12-16,4517,4517
2016-12-17,2319,2319
2016-12-18,3313,3313
2016-12-19,6328,6328
2016-12-20,6106,6106
2016-12-21,6587,6587
2016-12-22,6187,6187
2016-12-23,4209,4209
2016-12-24,1372,1372
2016-12-25,2155,2155
2016-12-26,2361,2361
2016-12-27,5803,5803
2016-12-28,6396,6396
2016-12-29,4254,4254
2016-12-30,4447,4447
2016-12-31,3217,3217
2017-01-01,4063,4063
2017-01-02,1638,1638
2017-01-03,3771,3771
2017-01-04,7185,7185
2017-01-05,6214,6214
2017-01-06,5570,5570
2017-01-07,1809,1809
2017-01-08,1920,1920
2017-01-09,4617,4617
2017-01-10,5606,5606
2017-01-11,7267,7267
2017-01-12,9091,9091
2017-01-13,8031,8031
2017-01-14,1864,1864
2017-01-15,5348,5348
2017-01-16,4485,4485
2017-01-17,5574,5574
2017-01-18,7345,7345
2017-01-19,7376,7376
2017-01-20,5566,5566
2017-01-21,8157,8157
2017-01-22,4066,4066
2017-01-23,2905,2905
2017-01-24,7389,7389
2017-01-25,9023,9023
2017-01-26,8048,8048
2017-01-27,6887,6887
2017-01-28,5555,5555
2017-01-29,5250,5250
2017-01-30,5420,5420
2017-01-31,7764,7764
2017-02-01,8231,8231
2017-02-02,7649,7649
2017-02-03,6543,6543
2017-02-04,4807,4807
2017-02-05,5489,5489
2017-02-06,8399,8399
2017-02-07,9796,9796
2017-02-08,10619,10619
2017-02-09,5369,5369
2017-02-10,5974,5974
2017-02-11,6821,6821
2017-02-12,4723,4723
2017-02-13,6364,6364
2017-02-14,7409,7409
2017-02-15,7485,7485
2017-02-16,6427,6427
2017-02-17,7282,7282
2017-02-18,10726,10726
2017-02-19,12350,12350
2017-02-20,10058,10058
2017-02-21,8815,8815
2017-02-22,9659,9659
2017-02-23,11744,11744
2017-02-24,12959,12959
2017-02-25,8174,8174
2017-02-26,6339,6339
2017-02-27,8264,8264
2017-02-28,7828,7828
2017-03-01,8977,8977
2017-03-02,8134,8134
2017-03-03,6741,6741
2017-03-04,5283,5283
2017-03-05,4999,4999
2017-03-06,8583,8583
2017-03-07,8383,8383
2017-03-08,10971,10971
2017-03-09,12406,12406
2017-03-10,5998,5998
2017-03-11,5116,5116
2017-03-12,4621,4621
2017-03-13,6470,6470
2017-03-14,1583,1583
2017-03-15,3359,3359
2017-03-16,5179,5179
2017-03-17,7207,7207
2017-03-18,8245,8245
2017-03-19,5689,5689
2017-03-20,9303,9303
2017-03-21,10612,10612
2017-03-22,8313,8313
2017-03-23,8616,8616
2017-03-24,9086,9086
2017-03-25,16191,16191
2017-03-26,6621,6621
2017-03-27,11367,11367
2017-03-28,10444,10444
2017-03-29,12789,12789
2017-03-30,10324,10324
2017-03-31,3793,3793
2017-04-01,10321,10321
2017-04-02,13714,13714
2017-04-03,10868,10868
2017-04-04,12666,12666
2017-04-05,13545,13545
2017-04-06,6353,6353
2017-04-07,7596,7596
2017-04-08,12508,12508
2017-04-09,15133,15133
2017-04-10,13742,13742
2017-04-11,15371,15371
2017-04-12,14088,14088
2017-04-13,15434,15434
2017-04-14,16038,16038
2017-04-15,16896,16896
2017-04-16,13129,13129
2017-04-17,10278,10278
2017-04-18,13752,13752
2017-04-19,11693,11693
2017-04-20,12273,12273
2017-04-21,13541,13541
2017-04-22,4485,4485
2017-04-23,10744,10744
2017-04-24,5684,5684
2017-04-25,7966,7966
2017-04-26,11969,11969
2017-04-27,13787,13787
2017-04-28,14391,14391
2017-04-29,14412,14412
2017-04-30,13613,13613
2017-05-01,10982,10982
2017-05-02,13312,13312
2017-05-03,12931,12931
2017-05-04,11851,11851
2017-05-05,7263,7263
2017-05-06,5842,5842
2017-05-07,9613,9613
2017-05-08,11412,11412
2017-05-09,12369,12369
2017-05-10,13529,13529
2017-05-11,3647,3647
2017-05-12,7213,7213
2017-05-13,8177,8177
2017-05-14,12866,12866
2017-05-15,12580,12580
2017-05-16,13640,13640
2017-05-17,12779,12779
2017-05-18,12404,12404
2017-05-19,13427,13427
2017-05-20,13795,13795
2017-05-21,11101,11101
2017-05-22,9106,9106
2017-05-23,10522,10522
2017-05-24,11942,11942
2017-05-25,6714,6714
2017-05-26,13591,13591
2017-05-27,11475,11475
2017-05-28,10188,10188
2017-05-29,12931,12931
2017-05-30,10303,10303
2017-05-31,12172,12172
2017-06-01,13655,13655
2017-06-02,14110,14110
2017-06-03,13898,13898
2017-06-04,12634,12634
2017-06-05,10640,10640
2017-06-06,14139,14139
2017-06-07,12562,12562
2017-06-08,13952,13952
2017-06-09,14575,14575
2017-06-10,14677,14677
2017-06-11,11835,11835
2017-06-12,12305,12305
2017-06-13,12534,12534
2017-06-14,13207,13207
2017-06-15,13843,13843
2017-06-16,12465,12465
2017-06-17,13193,13193
2017-06-18,11161,11161
2017-06-19,9423,9423
2017-06-20,13977,13977
2017-06-21,14010,14010
2017-06-22,13499,13499
2017-06-23,12518,12518
2017-06-24,14321,14321
2017-06-25,13621,13621
2017-06-26,14392,14392
2017-06-27,15015,15015
2017-06-28,14893,14893
2017-06-29,13945,13945
2017-06-30,13752,13752
2017-07-01,11409,11409
2017-07-02,13583,13583
2017-07-03,15293,15293
2017-07-04,15403,15403
2017-07-05,10587,10587
2017-07-06,7357,7357
2017-07-07,13981,13981
2017-07-08,15517,15517
2017-07-09,15302,15302
2017-07-10,12919,12919
2017-07-11,13676,13676
2017-07-12,13485,13485
2017-07-13,12659,12659
2017-07-14,10312,10312
2017-07-15,14469,14469
2017-07-16,13584,13584
2017-07-17,12478,12478
2017-07-18,12922,12922
2017-07-19,13166,13166
2017-07-20,12673,12673
2017-07-21,12939,12939
2017-07-22,10028,10028
2017-07-23,11050,11050
2017-07-24,12519,12519
2017-07-25,14974,14974
2017-07-26,15549,15549
2017-07-27,14652,14652
2017-07-28,5726,5726
2017-07-29,9765,9765
2017-07-30,15767,15767
2017-07-31,13936,13936
2017-08-01,12402,12402
2017-08-02,14079,14079
2017-08-03,12796,12796
2017-08-04,14288,14288
2017-08-05,16346,16346
2017-08-06,14159,14159
2017-08-07,5895,5895
2017-08-08,14742,14742
2017-08-09,14962,14962
2017-08-10,14779,14779
2017-08-11,12389,12389
2017-08-12,11692,11692
2017-08-13,14146,14146
2017-08-14,13180,13180
2017-08-15,9953,9953
2017-08-16,13577,13577
2017-08-17,13301,13301
2017-08-18,11403,11403
2017-08-19,13442,13442
2017-08-20,12643,12643
2017-08-21,12271,12271
2017-08-22,12603,12603
2017-08-23,14061,14061
2017-08-24,14134,14134
2017-08-25,14882,14882
2017-08-26,14679,14679
2017-08-27,13356,13356
2017-08-28,13129,13129
2017-08-29,4620,4620
2017-08-30,14714,14714
2017-08-31,13911,13911
2017-09-01,13176,13176
2017-09-02,4175,4175
2017-09-03,15371,15371
2017-09-04,13580,13580
2017-09-05,11359,11359
2017-09-06,5996,5996
2017-09-07,14050,14050
2017-09-08,14691,14691
2017-09-09,14762,14762
2017-09-10,13009,13009
2017-09-11,13401,13401
2017-09-12,14497,14497
2017-09-13,11920,11920
2017-09-14,13219,13219
2017-09-15,14604,14604
2017-09-16,15297,15297
2017-09-17,13169,13169
2017-09-18,13034,13034
2017-09-19,14045,14045
2017-09-20,13720,13720
2017-09-21,13481,13481
2017-09-22,14040,14040
2017-09-23,13484,13484
2017-09-24,11973,11973
2017-09-25,12653,12653
2017-09-26,13457,13457
2017-09-27,13281,13281
2017-09-28,14376,14376
2017-09-29,14530,14530
2017-09-30,13021,13021
2017-10-01,12002,12002
2017-10-02,12700,12700
2017-10-03,13484,13484
2017-10-04,13744,13744
2017-10-05,13892,13892
2017-10-06,14985,14985
2017-10-07,15477,15477
2017-10-08,10404,10404
2017-10-09,9030,9030
2017-10-10,13153,13153
2017-10-11,10374,10374
2017-10-12,11730,11730
2017-10-13,12369,12369
2017-10-14,13815,13815
2017-10-15,12328,12328
2017-10-16,11805,11805
2017-10-17,12286,12286
2017-10-18,13005,13005
2017-10-19,13314,13314
2017-10-20,14247,14247
2017-10-21,14464,14464
2017-10-22,13384,13384
2017-10-23,12602,12602
2017-10-24,13149,13149
2017-10-25,12821,12821
2017-10-26,11768,11768
2017-10-27,13149,13149
2017-10-28,13021,13021
2017-10-29,4591,4591
2017-10-30,10155,10155
2017-10-31,11585,11585
2017-11-01,10859,10859
2017-11-02,12925,12925
2017-11-03,13777,13777
2017-11-04,9278,9278
2017-11-05,5886,5886
2017-11-06,11016,11016
2017-11-07,5112,5112
2017-11-08,9254,9254
2017-11-09,9601,9601
2017-11-10,6755,6755
2017-11-11,5494,5494
2017-11-12,5697,5697
2017-11-13,9060,9060
2017-11-14,9494,9494
2017-11-15,9785,9785
2017-11-16,10200,10200
2017-11-17,9541,9541
2017-11-18,7755,7755
2017-11-19,5911,5911
2017-11-20,8635,8635
2017-11-21,9378,9378
2017-11-22,7208,7208
2017-11-23,3107,3107
2017-11-24,5383,5383
2017-11-25,7177,7177
2017-11-26,5243,5243
2017-11-27,9000,9000
2017-11-28,9676,9676
2017-11-29,10159,10159
2017-11-30,10168,10168
2017-12-01,9659,9659
2017-12-02,7560,7560
2017-12-03,6709,6709
2017-12-04,8885,8885
2017-12-05,8292,8292
2017-12-06,8541,8541
2017-12-07,8721,8721
2017-12-08,7881,7881
2017-12-09,2346,2346
2017-12-10,4151,4151
2017-12-11,7871,7871
2017-12-12,7725,7725
2017-12-13,5854,5854
2017-12-14,7092,7092
2017-12-15,4965,4965
2017-12-16,5184,5184
2017-12-17,5141,5141
2017-12-18,8978,8978
2017-12-19,9920,9920
2017-12-20,8336,8336
2017-12-21,7004,7004
2017-12-22,6159,6159
2017-12-23,2464,2464
2017-12-24,2041,2041
2017-12-25,1041,1041
2017-12-26,2789,2789
2017-12-27,3321,3321
2017-12-28,2866,2866
2017-12-29,3088,3088
2017-12-30,1876,1876
2017-12-31,1437,1437
2018-01-01,1213,1213
2018-01-02,3792,3792
2018-01-03,4748,4748
2018-01-04,2368,2368
2018-01-05,2709,2709
2018-01-06,1489,1489
2018-01-07,1753,1753
2018-01-08,4080,4080
2018-01-09,6124,6124
2018-01-10,7101,7101
2018-01-11,8210,8210
2018-01-12,5850,5850
2018-01-13,3378,3378
2018-01-14,2340,2340
2018-01-15,3323,3323
2018-01-16,6836,6836
2018-01-17,4108,4108
2018-01-18,6197,6197
2018-01-19,7604,7604
2018-01-20,8033,8033
2018-01-21,6542,6542
2018-01-22,9385,9385
2018-01-23,8200,8200
2018-01-24,7728,7728
2018-01-25,7096,7096
2018-01-26,7294,7294
2018-01-27,8707,8707
2018-01-28,2867,2867
2018-01-29,7265,7265
2018-01-30,5863,5863
2018-01-31,6387,6387
2018-02-01,7732,7732
2018-02-02,5199,5199
2018-02-03,3794,3794
2018-02-04,1428,1428
2018-02-05,5895,5895
2018-02-06,6856,6856
2018-02-07,4239,4239
2018-02-08,6525,6525
2018-02-09,7013,7013
2018-02-10,2097,2097
2018-02-11,3336,3336
2018-02-12,6857,6857
2018-02-13,7235,7235
2018-02-14,8040,8040
2018-02-15,9759,9759
2018-02-16,6922,6922
2018-02-17,3121,3121
2018-02-18,6957,6957
2018-02-19,4581,4581
2018-02-20,10989,10989
2018-02-21,11806,11806
2018-02-22,7294,7294
2018-02-23,6881,6881
2018-02-24,5407,5407
2018-02-25,4554,4554
2018-02-26,8465,8465
2018-02-27,9686,9686
2018-02-28,9710,9710
2018-03-01,7814,7814
2018-03-02,3167,3167
2018-03-03,5714,5714
2018-03-04,6513,6513
2018-03-05,7699,7699
2018-03-06,7143,7143
2018-03-07,6613,6613
2018-03-08,7777,7777
2018-03-09,7235,7235
2018-03-10,8295,8295
2018-03-11,7744,7744
2018-03-12,7286,7286
2018-03-13,7444,7444
2018-03-14,6866,6866
2018-03-15,8491,8491
2018-03-16,7333,7333
2018-03-17,5645,5645
2018-03-18,9543,9543
2018-03-19,9559,9559
2018-03-20,2140,2140
2018-03-21,1298,1298
2018-03-22,6628,6628
2018-03-23,8522,8522
2018-03-24,10146,10146
2018-03-25,6847,6847
2018-03-26,9475,9475
2018-03-27,7976,7976
2018-03-28,7416,7416
2018-03-29,13682,13682
2018-03-30,11113,11113
2018-03-31,15874,15874
2018-04-01,10468,10468
2018-04-02,9402,9402
2018-04-03,9226,9226
2018-04-04,9909,9909
2018-04-05,11740,11740
2018-04-06,14930,14930
2018-04-07,7581,7581
2018-04-08,10159,10159
2018-04-09,8046,8046
2018-04-10,10508,10508
2018-04-11,11163,11163
2018-04-12,13086,13086
2018-04-13,16096,16096
2018-04-14,19113,19113
2018-04-15,4855,4855
2018-04-16,6521,6521
2018-04-17,8999,8999
2018-04-18,11395,11395
2018-04-19,8692,8692
2018-04-20,11567,11567
2018-04-21,14040,14040
2018-04-22,13002,13002
2018-04-23,11816,11816
2018-04-24,7077,7077
2018-04-25,9174,9174
2018-04-26,13941,13941
2018-04-27,10326,10326
2018-04-28,14901,14901
2018-04-29,8840,8840
2018-04-30,12334,12334
2018-05-01,14127,14127
2018-05-02,13932,13932
2018-05-03,14163,14163
2018-05-04,14120,14120
2018-05-05,12252,12252
2018-05-06,11412,11412
2018-05-07,13822,13822
2018-05-08,13857,13857
2018-05-09,14057,14057
2018-05-10,13048,13048
2018-05-11,15029,15029
2018-05-12,14227,14227
2018-05-13,8256,8256
2018-05-14,10859,10859
2018-05-15,12454,12454
2018-05-16,6976,6976
2018-05-17,4795,4795
2018-05-18,4776,4776
2018-05-19,6798,6798
2018-05-20,14080,14080
2018-05-21,14627,14627
2018-05-22,8627,8627
2018-05-23,14568,14568
2018-05-24,14468,14468
2018-05-25,14825,14825
2018-05-26,12614,12614
2018-05-27,12974,12974
2018-05-28,12138,12138
2018-05-29,13341,13341
2018-05-30,12763,12763
2018-05-31,10130,10130
2018-06-01,14017,14017
2018-06-02,11168,11168
2018-06-03,2103,2103
2018-06-04,14763,14763
2018-06-05,14145,14145
2018-06-06,14901,14901
2018-06-07,15706,15706
2018-06-08,15558,15558
2018-06-09,13709,13709
2018-06-10,11942,11942
2018-06-11,10811,10811
2018-06-12,15818,15818
2018-06-13,14727,14727
2018-06-14,15372,15372
2018-06-15,15817,15817
2018-06-16,15185,15185
2018-06-17,12063,12063
2018-06-18,12555,12555
2018-06-19,12035,12035
2018-06-20,11961,11961
2018-06-21,13896,13896
2018-06-22,6538,6538
2018-06-23,11190,11190
2018-06-24,12565,12565
2018-06-25,14147,14147
2018-06-26,14774,14774
2018-06-27,12917,12917
2018-06-28,14836,14836
2018-06-29,14037,14037
2018-06-30,13082,13082
2018-07-01,10461,10461
2018-07-02,11842,11842
2018-07-03,12794,12794
2018-07-04,14685,14685
2018-07-05,14224,14224
2018-07-06,14305,14305
2018-07-07,17066,17066
2018-07-08,14947,14947
2018-07-09,14306,14306
2018-07-10,13539,13539
2018-07-11,14334,14334
2018-07-12,14896,14896
2018-07-13,15250,15250
2018-07-14,15755,15755
2018-07-15,13110,13110
2018-07-16,13139,13139
2018-07-17,11947,11947
2018-07-18,15324,15324
2018-07-19,15212,15212
2018-07-20,16013,16013
2018-07-21,2794,2794
2018-07-22,8226,8226
2018-07-23,10361,10361
2018-07-24,7580,7580
2018-07-25,9661,9661
2018-07-26,14840,14840
2018-07-27,13532,13532
2018-07-28,16009,16009
2018-07-29,14888,14888
2018-07-30,10235,10235
2018-07-31,13486,13486
2018-08-01,14199,14199
2018-08-02,11858,11858
2018-08-03,11332,11332
2018-08-04,15011,15011
2018-08-05,12928,12928
2018-08-06,13060,13060
2018-08-07,12663,12663
2018-08-08,13542,13542
2018-08-09,14265,14265
2018-08-10,13938,13938
2018-08-11,12477,12477
2018-08-12,10002,10002
2018-08-13,12803,12803
2018-08-14,14410,14410
2018-08-15,14492,14492
2018-08-16,13821,13821
2018-08-17,12734,12734
2018-08-18,13975,13975
2018-08-19,12820,12820
2018-08-20,13152,13152
2018-08-21,9760,9760
2018-08-22,14099,14099
2018-08-23,15181,15181
2018-08-24,14903,14903
2018-08-25,14660,14660
2018-08-26,12420,12420
2018-08-27,11904,11904
2018-08-28,12146,12146
2018-08-29,11918,11918
2018-08-30,11790,11790
2018-08-31,11603,11603
2018-09-01,10832,10832
2018-09-02,14231,14231
2018-09-03,10806,10806
2018-09-04,10925,10925
2018-09-05,12560,12560
2018-09-06,12686,12686
2018-09-07,9417,9417
2018-09-08,7946,7946
2018-09-09,2800,2800
2018-09-10,9968,9968
2018-09-11,12104,12104
2018-09-12,12382,12382
2018-09-13,12581,12581
2018-09-14,12864,12864
2018-09-15,13341,13341
2018-09-16,11908,11908
2018-09-17,6944,6944
2018-09-18,10625,10625
2018-09-19,13700,13700
2018-09-20,13619,13619
2018-09-21,12714,12714
2018-09-22,13825,13825
2018-09-23,2786,2786
2018-09-24,6331,6331
2018-09-25,10275,10275
2018-09-26,11200,11200
2018-09-27,6755,6755
2018-09-28,13009,13009
2018-09-29,14601,14601
2018-09-30,12065,12065
2018-10-01,12509,12509
2018-10-02,13643,13643
2018-10-03,13730,13730
2018-10-04,13299,13299
2018-10-05,13573,13573
2018-10-06,13301,13301
2018-10-07,13534,13534
2018-10-08,12365,12365
2018-10-09,12249,12249
2018-10-10,13073,13073
2018-10-11,6972,6972
2018-10-12,13221,13221
2018-10-13,11290,11290
2018-10-14,8039,8039
2018-10-15,8521,8521
2018-10-16,11741,11741
2018-10-17,12643,12643
2018-10-18,11579,11579
2018-10-19,11960,11960
2018-10-20,11390,11390
2018-10-21,7706,7706
2018-10-22,10201,10201
2018-10-23,11732,11732
2018-10-24,11001,11001
2018-10-25,10340,10340
2018-10-26,7480,7480
2018-10-27,4724,4724
2018-10-28,8580,8580
2018-10-29,9866,9866
2018-10-30,11364,11364
2018-10-31,11395,11395
2018-11-01,12432,12432
2018-11-02,10105,10105
2018-11-03,9284,9284
2018-11-04,9084,9084
2018-11-05,4399,4399
2018-11-06,6023,6023
2018-11-07,9918,9918
2018-11-08,10420,10420
2018-11-09,5430,5430
2018-11-10,6082,6082
2018-11-11,6320,6320
2018-11-12,5446,5446
2018-11-13,6864,6864
2018-11-14,8049,8049
2018-11-15,2155,2155
2018-11-16,7702,7702
2018-11-17,7163,7163
2018-11-18,6452,6452
2018-11-19,9074,9074
2018-11-20,8354,8354
2018-11-21,6745,6745
2018-11-22,1933,1933
2018-11-23,2751,2751
2018-11-24,1499,1499
2018-11-25,6287,6287
2018-11-26,5809,5809
2018-11-27,6611,6611
2018-11-28,6140,6140
2018-11-29,6829,6829
2018-11-30,7016,7016
2018-12-01,6470,6470
2018-12-02,9666,9666
2018-12-03,16354,16354
2018-12-04,9479,9479
2018-12-05,6506,6506
2018-12-06,6952,6952
2018-12-07,6566,6566
2018-12-08,4420,4420
2018-12-09,3547,3547
2018-12-10,6105,6105
2018-12-11,6995,6995
2018-12-12,7574,7574
2018-12-13,8205,8205
2018-12-14,6416,6416
2018-12-15,1208,1208
2018-12-16,2363,2363
2018-12-17,7772,7772
2018-12-18,7514,7514
2018-12-19,7466,7466
2018-12-20,4399,4399
2018-12-21,5696,5696
2018-12-22,3710,3710
2018-12-23,3270,3270
2018-12-24,2492,2492
2018-12-25,1744,1744
2018-12-26,3752,3752
2018-12-27,5430,5430
2018-12-28,2125,2125
2018-12-29,6008,6008
2018-12-30,4929,4929
2018-12-31,2401,2401
2019-01-01,4540,4540
2019-01-02,6567,6567
2019-01-03,7604,7604
2019-01-04,7362,7362
2019-01-05,5106,5106
2019-01-06,6050,6050
2019-01-07,6216,6216
2019-01-08,7655,7655
2019-01-09,6408,6408
2019-01-10,5562,5562
2019-01-11,5677,5677
2019-01-12,3629,3629
2019-01-13,628,628
2019-01-14,1522,1522
2019-01-15,3779,3779
2019-01-16,4942,4942
2019-01-17,5085,5085
2019-01-18,5732,5732
2019-01-19,3566,3566
2019-01-20,2590,2590
2019-01-21,1592,1592
2019-01-22,4585,4585
2019-01-23,6708,6708
2019-01-24,3876,3876
2019-01-25,6263,6263
2019-01-26,4494,4494
2019-01-27,4500,4500
2019-01-28,6325,6325
2019-01-29,4335,4335
2019-01-30,4020,4020
2019-01-31,3862,3862
2019-02-01,2467,2467
2019-02-02,3420,3420
2019-02-03,5052,5052
2019-02-04,7797,7797
2019-02-05,9213,9213
2019-02-06,6944,6944
2019-02-07,7851,7851
2019-02-08,6651,6651
2019-02-09,4027,4027
2019-02-10,3924,3924
2019-02-11,3244,3244
2019-02-12,2585,2585
2019-02-13,7303,7303
2019-02-14,7452,7452
2019-02-15,9177,9177
2019-02-16,5701,5701
2019-02-17,3991,3991
2019-02-18,4589,4589
2019-02-19,6319,6319
2019-02-20,941,941
2019-02-21,6591,6591
2019-02-22,7183,7183
2019-02-23,2754,2754
2019-02-24,5198,5198
2019-02-25,5922,5922
2019-02-26,7560,7560
2019-02-27,6831,6831
2019-02-28,7443,7443
2019-03-01,4069,4069
2019-03-02,5371,5371
2019-03-03,2309,2309
2019-03-04,6265,6265
2019-03-05,6760,6760
2019-03-06,5537,5537
2019-03-07,6629,6629
2019-03-08,4695,4695
2019-03-09,5606,5606
2019-03-10,6530,6530
2019-03-11,9615,9615
2019-03-12,8935,8935
2019-03-13,9206,9206
2019-03-14,11578,11578
2019-03-15,11673,11673
2019-03-16,8728,8728
2019-03-17,7660,7660
2019-03-18,8019,8019
2019-03-19,9471,9471
2019-03-20,9990,9990
2019-03-21,2053,2053
2019-03-22,6890,6890
2019-03-23,7672,7672
2019-03-24,10883,10883
2019-03-25,8923,8923
2019-03-26,9269,9269
2019-03-27,9802,9802
2019-03-28,11478,11478
2019-03-29,12712,12712
2019-03-30,17911,17911
2019-03-31,7572,7572
2019-04-01,8865,8865
2019-04-02,7895,7895
2019-04-03,13142,13142
2019-04-04,13243,13243
2019-04-05,5908,5908
2019-04-06,18346,18346
2019-04-07,14897,14897
2019-04-08,10955,10955
2019-04-09,13025,13025
2019-04-10,12721,12721
2019-04-11,11852,11852
2019-04-12,9628,9628
2019-04-13,14618,14618
2019-04-14,9913,9913
2019-04-15,8271,8271
2019-04-16,11898,11898
2019-04-17,12447,12447
2019-04-18,12952,12952
2019-04-19,8372,8372
2019-04-20,14314,14314
2019-04-21,10996,10996
2019-04-22,12209,12209
2019-04-23,13243,13243
2019-04-24,13234,13234
2019-04-25,12339,12339
2019-04-26,8808,8808
2019-04-27,12052,12052
2019-04-28,9876,9876
2019-04-29,10172,10172
2019-04-30,11801,11801
2019-05-01,11941,11941
2019-05-02,9894,9894
2019-05-03,12464,12464
2019-05-04,11034,11034
2019-05-05,2689,2689
2019-05-06,11702,11702
2019-05-07,12282,12282
2019-05-08,11619,11619
2019-05-09,11439,11439
2019-05-10,10577,10577
2019-05-11,8237,8237
2019-05-12,3309,3309
2019-05-13,6606,6606
2019-05-14,10926,10926
2019-05-15,12328,12328
2019-05-16,12247,12247
2019-05-17,13542,13542
2019-05-18,12856,12856
2019-05-19,11315,11315
2019-05-20,11488,11488
2019-05-21,12810,12810
2019-05-22,12701,12701
2019-05-23,11362,11362
2019-05-24,12562,12562
2019-05-25,11871,11871
2019-05-26,11264,11264
2019-05-27,11259,11259
2019-05-28,10016,10016
2019-05-29,12001,12001
2019-05-30,10534,10534
2019-05-31,12829,12829
2019-06-01,12232,12232
2019-06-02,9829,9829
2019-06-03,12746,12746
2019-06-04,13610,13610
2019-06-05,12378,12378
2019-06-06,12609,12609
2019-06-07,13550,13550
2019-06-08,13731,13731
2019-06-09,6183,6183
2019-06-10,8341,8341
2019-06-11,12981,12981
2019-06-12,12618,12618
2019-06-13,9486,9486
2019-06-14,13641,13641
2019-06-15,12834,12834
2019-06-16,10339,10339
2019-06-17,10022,10022
2019-06-18,9611,9611
2019-06-19,12239,12239
2019-06-20,11359,11359
2019-06-21,13449,13449
2019-06-22,13824,13824
2019-06-23,11995,11995
2019-06-24,10930,10930
2019-06-25,12334,12334
2019-06-26,12581,12581
2019-06-27,11278,11278
2019-06-28,11930,11930
2019-06-29,10838,10838
2019-06-30,10632,10632
2019-07-01,12386,12386
2019-07-02,10777,10777
2019-07-03,12578,12578
2019-07-04,10334,10334
2019-07-05,12146,12146
2019-07-06,10172,10172
2019-07-07,10048,10048
2019-07-08,8418,8418
2019-07-09,12972,12972
2019-07-10,12629,12629
2019-07-11,8668,8668
2019-07-12,13344,13344
2019-07-13,12947,12947
2019-07-14,10888,10888
2019-07-15,12268,12268
2019-07-16,12131,12131
2019-07-17,10296,10296
2019-07-18,12533,12533
2019-07-19,12074,12074
2019-07-20,10451,10451
2019-07-21,8054,8054
2019-07-22,10660,10660
2019-07-23,9743,9743
2019-07-24,12374,12374
2019-07-25,13381,13381
2019-07-26,13540,13540
2019-07-27,13079,13079
2019-07-28,11029,11029
2019-07-29,12152,12152
2019-07-30,12455,12455
2019-07-31,12118,12118
2019-08-01,12822,12822
2019-08-02,12267,12267
2019-08-03,11917,11917
2019-08-04,11338,11338
2019-08-05,11962,11962
2019-08-06,12077,12077
2019-08-07,11359,11359
2019-08-08,12783,12783
2019-08-09,12923,12923
2019-08-10,12711,12711
2019-08-11,11866,11866
2019-08-12,12015,12015
2019-08-13,11292,11292
2019-08-14,12358,12358
2019-08-15,10972,10972
2019-08-16,12309,12309
2019-08-17,11004,11004
2019-08-18,9592,9592
2019-08-19,10545,10545
2019-08-20,8890,8890
2019-08-21,11668,11668
2019-08-22,11722,11722
2019-08-23,8176,8176
2019-08-24,12516,12516
2019-08-25,11544,11544
2019-08-26,11685,11685
2019-08-27,12230,12230
2019-08-28,11395,11395
2019-08-29,12704,12704
2019-08-30,12134,12134
2019-08-31,11268,11268
2019-09-01,12005,12005
2019-09-02,9082,9082
2019-09-03,11872,11872
2019-09-04,11745,11745
2019-09-05,12558,12558
2019-09-06,12501,12501
2019-09-07,12492,12492
2019-09-08,10736,10736
2019-09-09,11892,11892
2019-09-10,12539,12539
2019-09-11,11461,11461
2019-09-12,11895,11895
2019-09-13,12497,12497
2019-09-14,11953,11953
2019-09-15,10939,10939
2019-09-16,11714,11714
2019-09-17,12362,12362
2019-09-18,12887,12887
2019-09-19,13307,13307
2019-09-20,13866,13866
2019-09-21,13231,13231
2019-09-22,11054,11054
2019-09-23,11592,11592
2019-09-24,13115,13115
2019-09-25,12964,12964
2019-09-26,12968,12968
2019-09-27,13129,13129
2019-09-28,11763,11763
2019-09-29,10630,10630
2019-09-30,9476,9476
2019-10-01,12700,12700
2019-10-02,11937,11937
2019-10-03,12575,12575
2019-10-04,13182,13182
2019-10-05,12327,12327
2019-10-06,10068,10068
2019-10-07,12682,12682
2019-10-08,12007,12007
2019-10-09,12272,12272
2019-10-10,12584,12584
2019-10-11,12776,12776
2019-10-12,11655,11655
2019-10-13,9599,9599
2019-10-14,11273,11273
2019-10-15,12506,12506
2019-10-16,7831,7831
2019-10-17,10414,10414
2019-10-18,11375,11375
2019-10-19,10446,10446
2019-10-20,1535,1535
2019-10-21,11398,11398
2019-10-22,7393,7393
2019-10-23,12135,12135
2019-10-24,12217,12217
2019-10-25,12581,12581
2019-10-26,11067,11067
2019-10-27,7563,7563
2019-10-28,11582,11582
2019-10-29,11657,11657
2019-10-30,9490,9490
2019-10-31,8725,8725
2019-11-01,9901,9901
2019-11-02,10023,10023
2019-11-03,7645,7645
2019-11-04,9876,9876
2019-11-05,10632,10632
2019-11-06,10670,10670
2019-11-07,8321,8321
2019-11-08,8243,8243
2019-11-09,6008,6008
2019-11-10,7272,7272
2019-11-11,8844,8844
2019-11-12,6300,6300
2019-11-13,6974,6974
2019-11-14,7676,7676
2019-11-15,8356,8356
2019-11-16,5886,5886
2019-11-17,4739,4739
2019-11-18,7434,7434
2019-11-19,9188,9188
2019-11-20,9084,9084
2019-11-21,9157,9157
2019-11-22,7519,7519
2019-11-23,4730,4730
2019-11-24,4791,4791
2019-11-25,8371,8371
2019-11-26,9104,9104
2019-11-27,6250,6250
2019-11-28,2196,2196
2019-11-29,4290,4290
2019-11-30,4032,4032
2019-12-01,1566,1566
2019-12-02,6256,6256
2019-12-03,8123,8123
2019-12-04,7926,7926
2019-12-05,8426,8426
2019-12-06,8335,8335
2019-12-07,6043,6043
2019-12-08,5360,5360
2019-12-09,4882,4882
2019-12-10,6242,6242
2019-12-11,7166,7166
2019-12-12,7312,7312
2019-12-13,4624,4624
2019-12-14,3942,3942
2019-12-15,5320,5320
2019-12-16,3185,3185
2019-12-17,5749,5749
2019-12-18,6733,6733
2019-12-19,5406,5406
2019-12-20,5693,5693
2019-12-21,3331,3331
2019-12-22,3245,3245
2019-12-23,4526,4526
2019-12-24,2937,2937
2019-12-25,2005,2005
2019-12-26,3773,3773
2019-12-27,4916,4916
2019-12-28,6282,6282
2019-12-29,1409,1409
2019-12-30,5419,5419
2019-12-31,5746,5746
2020-01-01,4135,4135
2020-01-02,6969,6969
2020-01-03,5048,5048
2020-01-04,3979,3979
2020-01-05,3864,3864
2020-01-06,7310,7310
2020-01-07,5094,5094
2020-01-08,6602,6602
2020-01-09,6562,6562
2020-01-10,7455,7455
2020-01-11,8474,8474
2020-01-12,8347,8347
2020-01-13,8193,8193
2020-01-14,6559,6559
2020-01-15,9281,9281
2020-01-16,7685,7685
2020-01-17,6303,6303
2020-01-18,2281,2281
2020-01-19,3941,3941
2020-01-20,3535,3535
2020-01-21,6004,6004
2020-01-22,6820,6820
2020-01-23,7286,7286
2020-01-24,7913,7913
2020-01-25,5048,5048
2020-01-26,5241,5241
2020-01-27,7193,7193
2020-01-28,7574,7574
2020-01-29,7888,7888
2020-01-30,7373,7373
2020-01-31,7012,7012
2020-02-01,5717,5717
2020-02-02,5289,5289
2020-02-03,8744,8744
2020-02-04,8202,8202
2020-02-05,6877,6877
2020-02-06,4257,4257
2020-02-07,5211,5211
2020-02-08,5634,5634
2020-02-09,5859,5859
2020-02-10,3270,3270
2020-02-11,5933,5933
2020-02-12,6708,6708
2020-02-13,5251,5251
2020-02-14,5924,5924
2020-02-15,3797,3797
2020-02-16,5079,5079
2020-02-17,6103,6103
2020-02-18,7791,7791
2020-02-19,7675,7675
2020-02-20,6833,6833
2020-02-21,5883,5883
2020-02-22,6628,6628
2020-02-23,7055,7055
2020-02-24,7755,7755
2020-02-25,5764,5764
2020-02-26,7379,7379
2020-02-27,6415,6415
2020-02-28,6813,6813
2020-02-29,4055,4055
2020-03-01,0,0
2020-03-02,0,0
2020-03-03,0,0
2020-03-04,0,0
2020-03-05,0,0
2020-03-06,0,0
2020-03-07,0,0
2020-03-08,0,0
2020-03-09,0,0
2020-03-10,0,0
2020-03-11,0,0
2020-03-12,0,0
2020-03-13,0,0
2020-03-14,0,0
2020-03-15,0,0
2020-03-16,0,0
2020-03-17,0,0
2020-03-18,0,0
2020-03-19,0,0
2020-03-20,0,0
2020-03-21,0,0
2020-03-22,0,0
2020-03-23,0,0
2020-03-24,0,0
2020-03-25,0,0
2020-03-26,0,0
2020-03-27,0,0
2020-03-28,0,0
2020-03-29,0,0
2020-03-30,0,0
2020-03-31,0,0
2020-04-01,0,0
2020-04-02,0,0
2020-04-03,0,0
2020-04-04,0,0
2020-04-05,0,0
2020-04-06,0,0
2020-04-07,0,0
2020-04-08,0,0
2020-04-09,0,0
2020-04-10,0,0
2020-04-11,0,0
2020-04-12,0,0
2020-04-13,0,0
2020-04-14,0,0
2020-04-15,0,0
2020-04-16,0,0
2020-04-17,0,0
2020-04-18,0,0
2020-04-19,0,0
2020-04-20,0,0
2020-04-21,0,0
2020-04-22,0,0
2020-04-23,0,0
2020-04-24,0,0
2020-04-25,0,0
2020-04-26,0,0
2020-04-27,0,0
2020-04-28,0,0
2020-04-29,0,0
2020-04-30,0,0
2020-05-01,2956,2956
2020-05-02,8981,8981
2020-05-03,3644,3644
2020-05-04,3700,3700
2020-05-05,2361,2361
2020-05-06,1376,1376
2020-05-07,3920,3920
2020-05-08,1807,1807
2020-05-09,2898,2898
2020-05-10,5802,5802
2020-05-11,2248,2248
2020-05-12,3021,3021
2020-05-13,4121,4121
2020-05-14,3601,3601
2020-05-15,5787,5787
2020-05-16,8982,8982
2020-05-17,5626,5626
2020-05-18,2931,2931
2020-05-19,3190,3190
2020-05-20,3410,3410
2020-05-21,3709,3709
2020-05-22,3052,3052
2020-05-23,9142,9142
2020-05-24,6321,6321
2020-05-25,8818,8818
2020-05-26,4910,4910
2020-05-27,4792,4792
2020-05-28,3458,3458
2020-05-29,5596,5596
2020-05-30,10695,10695
2020-05-31,7586,7586
2020-06-01,4999,4999
2020-06-02,5359,5359
2020-06-03,6485,6485
2020-06-04,5144,5144
2020-06-05,5018,5018
2020-06-06,15379,15379
2020-06-07,10595,10595
2020-06-08,6993,6993
2020-06-09,6725,6725
2020-06-10,5379,5379
2020-06-11,4681,4681
2020-06-12,7382,7382
2020-06-13,12043,12043
2020-06-14,10272,10272
2020-06-15,6018,6018
2020-06-16,6185,6185
2020-06-17,2882,2882
2020-06-18,5847,5847
2020-06-19,7223,7223
2020-06-20,6267,6267
2020-06-21,9003,9003
2020-06-22,4947,4947
2020-06-23,6162,6162
2020-06-24,7364,7364
2020-06-25,6049,6049
2020-06-26,8071,8071
2020-06-27,9030,9030
2020-06-28,8551,8551
2020-06-29,6352,6352
2020-06-30,6648,6648
2020-07-01,6368,6368
2020-07-02,7434,7434
2020-07-03,8465,8465
2020-07-04,11235,11235
2020-07-05,6967,6967
2020-07-06,4965,4965
2020-07-07,5742,5742
2020-07-08,6647,6647
2020-07-09,6575,6575
2020-07-10,7381,7381
2020-07-11,9952,9952
2020-07-12,8504,8504
2020-07-13,6510,6510
2020-07-14,6926,6926
2020-07-15,7042,7042
2020-07-16,7194,7194
2020-07-17,7618,7618
2020-07-18,9622,9622
2020-07-19,7643,7643
2020-07-20,5286,5286
2020-07-21,5653,5653
2020-07-22,4249,4249
2020-07-23,6202,6202
2020-07-24,6797,6797
2020-07-25,10597,10597
2020-07-26,8150,8150
2020-07-27,6540,6540
2020-07-28,6661,6661
2020-07-29,7117,7117
2020-07-30,5888,5888
2020-07-31,5638,5638
2020-08-01,10376,10376
2020-08-02,8766,8766
2020-08-03,4384,4384
2020-08-04,5199,5199
2020-08-05,7777,7777
2020-08-06,5525,5525
2020-08-07,7313,7313
2020-08-08,11052,11052
2020-08-09,8674,8674
2020-08-10,6075,6075
2020-08-11,6625,6625
2020-08-12,5493,5493
2020-08-13,5218,5218
2020-08-14,7459,7459
2020-08-15,8334,8334
2020-08-16,6515,6515
2020-08-17,5674,5674
2020-08-18,7491,7491
2020-08-19,6497,6497
2020-08-20,7538,7538
2020-08-21,7928,7928
2020-08-22,9890,9890
2020-08-23,9125,9125
2020-08-24,5947,5947
2020-08-25,6062,6062
2020-08-26,7414,7414
2020-08-27,7675,7675
2020-08-28,9390,9390
2020-08-29,7418,7418
2020-08-30,11211,11211
2020-08-31,3450,3450
2020-09-01,6301,6301
2020-09-02,6111,6111
2020-09-03,4868,4868
2020-09-04,7774,7774
2020-09-05,11543,11543
2020-09-06,11079,11079
2020-09-07,9595,9595
2020-09-08,6203,6203
2020-09-09,4116,4116
2020-09-10,3488,3488
2020-09-11,7310,7310
2020-09-12,9623,9623
2020-09-13,9635,9635
2020-09-14,6380,6380
2020-09-15,6656,6656
2020-09-16,6725,6725
2020-09-17,4275,4275
2020-09-18,8207,8207
2020-09-19,11380,11380
2020-09-20,9528,9528
2020-09-21,6224,6224
2020-09-22,6583,6583
2020-09-23,7706,7706
2020-09-24,7051,7051
2020-09-25,5802,5802
2020-09-26,9031,9031
2020-09-27,8741,8741
2020-09-28,6332,6332
2020-09-29,5296,5296
2020-09-30,6553,6553
2020-10-01,5998,5998
2020-10-02,7352,7352
2020-10-03,10767,10767
2020-10-04,8074,8074
2020-10-05,5881,5881
2020-10-06,6479,6479
2020-10-07,7160,7160
2020-10-08,6689,6689
2020-10-09,7860,7860
2020-10-10,10438,10438
2020-10-11,4495,4495
2020-10-12,2685,2685
2020-10-13,5962,5962
2020-10-14,6788,6788
2020-10-15,7024,7024
2020-10-16,4507,4507
2020-10-17,9993,9993
2020-10-18,7995,7995
2020-10-19,5885,5885
2020-10-20,6400,6400
2020-10-21,6161,6161
2020-10-22,6573,6573
2020-10-23,7665,7665
2020-10-24,10456,10456
2020-10-25,2540,2540
2020-10-26,5041,5041
2020-10-27,5615,5615
2020-10-28,6237,6237
2020-10-29,1820,1820
2020-10-30,5535,5535
2020-10-31,6351,6351
2020-11-01,3125,3125
2020-11-02,3843,3843
2020-11-03,5938,5938
2020-11-04,4779,4779
2020-11-05,5310,5310
2020-11-06,6778,6778
2020-11-07,13254,13254
2020-11-08,8864,8864
2020-11-09,5460,5460
2020-11-10,6189,6189
2020-11-11,1751,1751
2020-11-12,2997,2997
2020-11-13,6240,6240
2020-11-14,8482,8482
2020-11-15,5091,5091
2020-11-16,4593,4593
2020-11-17,3716,3716
2020-11-18,3463,3463
2020-11-19,3795,3795
2020-11-20,5209,5209
2020-11-21,6953,6953
2020-11-22,5030,5030
2020-11-23,3412,3412
2020-11-24,3755,3755
2020-11-25,3600,3600
2020-11-26,3668,3668
2020-11-27,4957,4957
2020-11-28,6080,6080
2020-11-29,4926,4926
2020-11-30,1874,1874
2020-12-01,2868,2868
2020-12-02,3071,3071
2020-12-03,3595,3595
2020-12-04,3072,3072
2020-12-05,4060,4060
2020-12-06,3621,3621
2020-12-07,2612,2612
2020-12-08,2841,2841
2020-12-09,2790,2790
2020-12-10,3348,3348
2020-12-11,4310,4310
2020-12-12,6549,6549
2020-12-13,5642,5642
2020-12-14,1326,1326
2020-12-15,3465,3465
2020-12-16,956,956
2020-12-17,2270,2270
2020-12-18,2656,2656
2020-12-19,3042,3042
2020-12-20,2737,2737
2020-12-21,2864,2864
2020-12-22,2722,2722
2020-12-23,2785,2785
2020-12-24,965,965
2020-12-25,863,863
2020-12-26,1440,1440
2020-12-27,2210,2210
2020-12-28,3054,3054
2020-12-29,2592,2592
2020-12-30,2746,2746
2020-12-31,2836,2836
2021-01-01,774,774
2021-01-02,5130,5130
2021-01-03,1299,1299
2021-01-04,2525,2525
2021-01-05,2552,2552
2021-01-06,2628,2628
2021-01-07,2840,2840
2021-01-08,2488,2488
2021-01-09,3500,3500
2021-01-10,3500,3500
2021-01-11,2452,2452
2021-01-12,3078,3078
2021-01-13,3278,3278
2021-01-14,3177,3177
2021-01-15,2777,2777
2021-01-16,4025,4025
2021-01-17,3253,3253
2021-01-18,2964,2964
2021-01-19,2863,2863
2021-01-20,2222,2222
2021-01-21,2956,2956
2021-01-22,3465,3465
2021-01-23,3029,3029
2021-01-24,2898,2898
2021-01-25,2049,2049
2021-01-26,1672,1672
2021-01-27,2961,2961
2021-01-28,2201,2201
2021-01-29,2422,2422
2021-01-30,3423,3423
2021-01-31,818,818
2021-02-01,786,786
2021-02-02,1221,1221
2021-02-03,2102,2102
2021-02-04,2642,2642
2021-02-05,3506,3506
2021-02-06,4645,4645
2021-02-07,1874,1874
2021-02-08,2352,2352
2021-02-09,3016,3016
2021-02-10,1943,1943
2021-02-11,1849,1849
2021-02-12,2507,2507
2021-02-13,710,710
2021-02-14,2033,2033
2021-02-15,2345,2345
2021-02-16,2398,2398
2021-02-17,1547,1547
2021-02-18,574,574
2021-02-19,1695,1695
2021-02-20,2290,2290
2021-02-21,2516,2516
2021-02-22,1305,1305
2021-02-23,2880,2880
2021-02-24,4465,4465
2021-02-25,3588,3588
2021-02-26,3189,3189
2021-02-27,4401,4401
2021-02-28,910,910
2021-03-01,2110,2110
2021-03-02,2957,2957
2021-03-03,4177,4177
2021-03-04,3243,3243
2021-03-05,3034,3034
2021-03-06,4469,4469
2021-03-07,3736,3736
2021-03-08,3172,3172
2021-03-09,4746,4746
2021-03-10,5458,5458
2021-03-11,6112,6112
2021-03-12,5417,5417
2021-03-13,7232,7232
2021-03-14,6015,6015
2021-03-15,3090,3090
2021-03-16,2913,2913
2021-03-17,3857,3857
2021-03-18,1593,1593
2021-03-19,4076,4076
2021-03-20,7332,7332
2021-03-21,7201,7201
2021-03-22,4729,4729
2021-03-23,5059,5059
2021-03-24,1621,1621
2021-03-25,4674,4674
2021-03-26,7538,7538
2021-03-27,12230,12230
2021-03-28,3513,3513
2021-03-29,6001,6001
2021-03-30,8604,8604
2021-03-31,2924,2924
2021-04-01,3795,3795
2021-04-02,4602,4602
2021-04-03,9869,9869
2021-04-04,10386,10386
2021-04-05,6754,6754
2021-04-06,6918,6918
2021-04-07,6827,6827
2021-04-08,6713,6713
2021-04-09,4898,4898
2021-04-10,10177,10177
2021-04-11,8451,8451
2021-04-12,4245,4245
2021-04-13,5495,5495
2021-04-14,2519,2519
2021-04-15,5936,5936
2021-04-16,5388,5388
2021-04-17,8201,8201
2021-04-18,7771,7771
2021-04-19,4653,4653
2021-04-20,6794,6794
2021-04-21,4197,4197
2021-04-22,3760,3760
2021-04-23,6274,6274
2021-04-24,6869,6869
2021-04-25,6234,6234
2021-04-26,5328,5328
2021-04-27,6770,6770
2021-04-28,6164,6164
2021-04-29,5557,5557
2021-04-30,5319,5319
