station_id,first,last
0,2019-12-01 16:05:41,2020-01-21 10:54:29
31000,2010-09-20 14:45:13,2021-04-30 15:10:08
31001,2010-09-20 18:51:29,2021-04-30 22:37:20
31002,2010-09-20 12:42:14,2021-04-30 23:00:45
31003,2010-09-20 12:42:14,2021-04-30 17:39:20
31004,2010-09-20 18:01:26,2021-04-30 20:58:56
31005,2010-09-20 19:53:45,2021-04-30 23:00:45
31006,2010-09-20 18:18:47,2021-04-30 21:32:17
31007,2010-09-20 19:26:39,2021-04-30 18:50:38
31008,2010-09-21 09:37:21,2019-01-03 09:20:43
31009,2010-09-20 13:20:41,2021-04-29 18:56:56
31010,2010-09-20 19:53:45,2021-04-30 19:41:26
31011,2010-09-20 13:55:40,2021-04-30 20:46:53
31012,2010-09-20 13:27:37,2021-04-30 20:46:53
31013,2010-09-23 00:33:11,2021-04-30 17:37:18
31014,2011-04-16 19:34:58,2021-04-30 23:51:06
31015,2011-04-18 12:14:12,2021-04-30 21:59:45
31016,2011-04-16 19:53:41,2021-04-30 18:58:05
31017,2011-11-10 21:06:43,2021-04-30 22:12:23
31018,2011-04-16 19:53:41,2021-04-30 18:41:35
31019,2011-11-11 12:21:50,2021-04-30 17:32:02
31020,2011-12-01 09:16:52,2021-04-30 20:58:35
31021,2011-11-22 15:13:41,2021-04-30 19:31:21
31022,2011-11-22 16:33:25,2021-04-30 22:59:07
31023,2012-04-27 16:38:46,2021-04-30 18:00:27
31024,2012-02-17 12:04:37,2021-04-30 17:29:57
31025,2012-02-17 13:06:17,2021-04-30 13:58:38
31026,2012-03-01 18:10:35,2021-04-30 22:45:42
31027,2012-04-24 08:35:56,2021-04-30 20:16:24
31028,2012-04-24 12:06:04,2021-04-30 13:18:26
31029,2012-04-24 06:44:23,2021-04-30 18:34:09
31030,2012-04-25 19:11:02,2021-04-30 15:26:35
31031,2012-04-25 19:52:55,2021-04-30 19:08:02
31032,2012-05-01 15:47:16,2021-04-30 23:42:53
31033,2012-04-25 20:49:39,2021-04-30 11:16:16
31034,2012-04-27 15:39:36,2021-04-30 23:23:17
31035,2012-04-27 18:20:41,2021-04-30 06:09:01
31036,2012-04-30 11:42:58,2021-04-30 19:47:00
31037,2012-04-30 17:18:46,2021-04-30 23:49:19
31038,2012-05-17 12:42:28,2021-04-30 15:43:04
31039,2012-05-29 13:13:24,2021-04-30 19:58:42
31040,2012-06-05 16:45:29,2021-04-30 20:46:13
31041,2012-08-27 08:36:27,2021-04-30 20:39:53
31042,2012-08-27 08:36:27,2021-04-30 17:05:38
31043,2012-08-27 11:04:54,2021-04-30 14:30:43
31044,2012-08-31 18:01:47,2021-04-30 20:29:55
31045,2012-08-31 15:57:40,2021-04-30 16:05:47
31046,2012-08-31 18:14:47,2021-04-30 20:39:53
31047,2012-08-29 08:43:23,2021-04-30 22:33:30
31048,2012-08-29 08:43:23,2021-04-30 20:47:03
31049,2012-07-18 19:02:40,2021-04-30 19:38:26
31050,2012-09-04 19:28:39,2021-04-30 22:01:10
31051,2012-09-05 07:00:42,2021-04-30 18:58:48
31052,2011-02-08 15:50:44,2021-04-30 09:04:43
31053,2013-03-28 17:47:24,2021-04-30 23:42:53
31054,2013-03-28 07:32:11,2021-04-30 18:14:28
31055,2013-03-28 21:03:49,2021-04-30 17:21:29
31056,2013-04-25 17:45:00,2021-04-30 18:09:25
31057,2013-04-23 18:48:04,2021-04-30 22:54:22
31058,2013-04-24 11:36:29,2021-04-29 18:02:41
31059,2013-04-24 12:05:09,2021-04-29 16:58:43
31060,2013-04-24 10:57:10,2021-04-30 15:56:47
31061,2013-05-03 07:12:07,2021-04-30 16:22:00
31062,2013-07-01 19:50:34,2021-04-30 18:00:07
31063,2013-07-01 14:33:58,2021-04-30 18:41:09
31064,2013-07-02 12:37:38,2021-04-30 15:21:06
31065,2013-07-02 09:25:28,2021-04-30 22:59:07
31066,2013-07-01 18:23:13,2021-04-30 20:08:44
31067,2013-08-27 09:18:01,2021-04-30 22:37:20
31068,2013-08-29 11:09:26,2021-04-30 18:14:28
31069,2013-08-29 15:34:16,2021-04-30 23:23:17
31070,2013-11-15 16:31:37,2021-04-30 12:11:29
31071,2013-11-15 11:37:07,2021-04-30 17:35:04
31072,2013-12-17 09:54:46,2021-04-28 14:30:25
31073,2013-12-17 08:47:01,2021-04-30 10:58:22
31074,2013-12-13 12:26:35,2021-04-30 22:21:31
31075,2014-03-14 15:34:38,2021-04-30 14:23:14
31076,2014-03-14 12:50:27,2021-04-30 14:55:01
31077,2014-06-12 10:29:57,2021-04-30 22:01:10
31078,2014-07-23 15:07:02,2021-04-27 21:07:45
31079,2014-07-24 06:27:56,2021-04-30 20:09:48
31080,2014-08-06 18:20:35,2021-04-30 23:02:03
31081,2014-08-18 15:38:10,2021-04-30 17:51:35
31082,2014-08-18 16:29:31,2021-04-30 14:43:51
31083,2014-08-20 13:06:45,2021-04-30 18:23:19
31084,2014-08-18 17:10:16,2021-04-30 14:43:51
31085,2014-08-19 14:16:24,2021-04-30 20:29:55
31086,2014-08-19 17:24:31,2021-04-30 19:50:42
31087,2014-08-20 15:32:42,2021-04-30 18:23:19
31088,2014-08-19 18:01:39,2021-04-30 21:32:17
31089,2014-08-28 11:57:10,2021-04-30 22:45:42
31090,2014-09-17 19:43:29,2021-04-29 21:53:33
31091,2014-11-05 19:28:09,2021-04-30 23:53:01
31092,2014-11-29 16:16:55,2021-04-30 15:24:15
31093,2014-11-26 06:34:44,2021-04-30 20:16:57
31094,2015-01-16 06:36:29,2021-04-30 17:29:57
31095,2015-04-08 12:28:33,2021-04-29 18:11:24
31096,2015-06-03 16:53:30,2021-04-30 19:56:06
31097,2016-02-17 09:58:13,2021-04-30 19:17:41
31098,2016-02-17 15:30:31,2021-04-30 22:33:30
31099,2016-02-17 07:47:07,2021-04-30 12:44:02
31100,2010-09-20 12:05:37,2021-04-30 17:30:29
31101,2010-09-20 12:39:24,2021-04-30 23:50:45
31102,2010-10-08 14:05:09,2021-04-30 21:50:39
31103,2010-09-20 12:33:05,2021-04-30 23:41:36
31104,2010-09-20 12:39:35,2021-04-30 23:30:20
31105,2010-09-20 12:15:26,2021-04-30 17:38:16
31106,2010-09-20 13:30:21,2021-04-30 18:41:59
31107,2010-09-20 16:32:50,2021-04-30 22:02:31
31108,2010-09-20 11:27:04,2021-04-30 23:37:16
31109,2010-09-20 12:14:27,2021-04-30 20:33:15
31110,2010-09-20 18:17:24,2021-04-30 22:26:47
31111,2010-09-20 12:16:36,2021-04-30 23:49:20
31112,2010-10-14 08:15:56,2021-04-30 16:12:14
31113,2011-11-18 09:15:35,2021-04-30 23:21:19
31114,2013-04-03 15:06:01,2021-04-30 23:39:40
31115,2011-12-08 08:02:22,2021-04-30 21:18:54
31116,2011-12-13 09:51:36,2021-04-30 21:33:16
31117,2013-05-06 12:44:47,2021-04-30 23:53:59
31118,2013-07-23 10:46:02,2021-04-30 23:35:07
31119,2013-10-02 09:10:58,2021-04-30 22:15:11
31120,2013-10-09 08:55:15,2021-04-30 22:15:47
31121,2013-11-05 07:56:16,2021-04-30 18:32:03
31122,2016-03-10 10:40:20,2021-04-30 23:51:42
31123,2016-05-05 12:30:25,2021-04-30 21:38:44
31124,2016-08-02 13:21:18,2021-04-30 23:38:31
31125,2017-01-05 13:05:41,2021-04-30 23:49:49
31126,2017-06-08 12:01:45,2021-04-30 23:06:58
31127,2017-07-13 16:06:25,2021-04-30 21:54:15
31128,2017-08-01 11:44:34,2021-04-30 23:41:09
31129,2017-09-27 11:27:36,2021-04-30 22:50:58
31130,2019-08-01 11:54:03,2021-04-30 20:32:42
31131,2019-08-07 13:30:22,2021-04-30 22:15:58
31132,2020-09-02 13:39:59,2021-04-30 23:52:55
31133,2021-01-12 19:37:17,2021-04-30 23:25:25
31200,2010-09-20 12:14:27,2021-04-30 23:14:25
31201,2010-09-20 12:10:43,2021-04-30 22:51:58
31202,2010-09-20 13:40:43,2021-04-30 23:52:41
31203,2010-09-20 15:43:10,2021-04-30 23:51:30
31204,2010-09-20 15:01:24,2021-04-30 23:15:05
31205,2010-09-20 13:07:31,2021-04-30 23:32:06
31206,2010-09-20 12:41:37,2021-04-30 18:15:43
31207,2010-09-20 12:40:40,2021-04-30 20:26:59
31208,2010-09-20 11:27:04,2021-04-30 23:53:01
31209,2010-09-20 11:41:22,2021-04-30 23:44:56
31211,2010-10-07 12:03:30,2021-04-30 19:21:13
31212,2010-09-20 15:05:48,2021-04-30 23:33:38
31213,2010-09-21 17:27:23,2021-04-30 20:20:35
31214,2010-09-23 22:11:15,2021-04-30 23:58:10
31215,2010-10-05 17:53:49,2021-04-30 23:41:19
31216,2010-09-30 08:56:17,2021-04-30 20:38:07
31217,2010-10-05 16:03:44,2021-04-30 17:51:05
31218,2010-10-06 16:26:29,2021-04-30 18:48:51
31219,2010-10-07 15:42:27,2021-04-30 18:13:43
31220,2010-10-09 10:37:14,2021-04-30 19:53:01
31221,2010-10-07 18:00:13,2021-04-30 22:58:36
31222,2010-10-09 12:21:57,2021-04-30 23:24:57
31223,2010-10-09 15:18:15,2021-04-30 23:58:51
31224,2010-10-18 14:01:52,2021-04-30 21:55:34
31225,2010-10-18 13:31:03,2021-04-30 23:41:36
31226,2010-10-15 14:16:13,2021-04-30 23:51:06
31227,2010-10-18 14:08:38,2021-04-30 20:03:17
31228,2010-10-08 12:05:18,2021-04-30 23:29:18
31229,2010-10-15 10:24:36,2021-04-30 23:06:58
31230,2011-05-13 08:15:19,2021-04-30 23:14:49
31231,2011-04-20 09:52:45,2021-04-30 19:43:46
31232,2011-04-29 14:10:17,2021-04-30 22:51:33
31233,2011-04-29 09:18:23,2021-04-30 23:34:07
31234,2012-02-10 17:39:51,2021-04-30 23:47:50
31235,2010-10-16 15:17:19,2021-04-30 22:39:14
31236,2010-10-25 16:57:38,2021-04-30 23:09:08
31237,2010-10-29 16:36:55,2021-04-30 23:43:23
31238,2010-11-08 15:02:20,2021-04-30 20:44:05
31239,2011-11-18 12:57:23,2021-04-30 22:46:00
31240,2012-03-16 09:36:07,2021-04-30 18:27:58
31241,2011-11-19 10:12:46,2021-04-30 23:58:51
31242,2011-11-29 08:15:23,2021-04-30 19:40:47
31243,2012-01-27 12:14:42,2021-04-30 23:25:14
31244,2011-12-01 16:58:01,2021-04-30 20:14:07
31245,2011-11-29 17:19:18,2021-04-30 23:53:59
31246,2011-12-21 12:01:12,2021-04-30 23:33:49
31247,2012-03-16 11:52:03,2021-04-30 22:18:35
31248,2012-04-02 08:49:01,2021-04-30 23:03:24
31249,2012-05-02 11:20:45,2021-04-30 20:06:52
31250,2012-06-25 10:05:57,2021-04-30 22:33:27
31251,2012-06-25 16:55:19,2021-04-30 23:52:41
31252,2012-06-27 11:10:42,2021-04-30 18:59:17
31253,2012-06-27 08:25:41,2021-04-30 20:20:35
31254,2012-07-02 09:29:11,2021-04-30 21:48:53
31255,2012-07-06 16:41:10,2021-04-30 22:51:58
31256,2012-07-12 12:06:44,2021-04-30 18:51:15
31257,2012-07-16 08:44:22,2021-04-30 19:55:00
31258,2012-10-03 08:29:47,2021-04-30 22:20:29
31259,2013-01-31 11:52:04,2021-04-30 23:09:10
31260,2013-01-31 13:59:35,2021-04-30 19:29:02
31261,2011-09-22 15:19:09,2021-04-30 20:45:28
31262,2010-10-26 18:58:09,2021-04-30 23:49:01
31263,2013-02-15 09:25:11,2021-04-30 22:10:36
31264,2013-04-03 10:31:35,2021-04-30 20:49:54
31265,2013-05-06 08:58:38,2021-04-30 23:54:55
31266,2010-10-28 16:36:27,2021-04-30 22:59:53
31267,2013-05-06 10:52:54,2021-04-30 22:46:00
31268,2013-06-14 13:08:30,2021-04-30 22:44:44
31269,2013-07-23 12:39:18,2021-04-30 21:13:56
31270,2013-07-23 08:36:20,2021-04-30 23:03:24
31271,2013-07-30 10:16:11,2021-04-30 20:48:12
31272,2013-08-02 09:29:48,2021-04-30 23:21:43
31273,2013-11-09 07:33:45,2021-04-30 20:58:23
31274,2014-07-31 09:04:57,2021-04-30 20:34:56
31275,2014-08-06 15:31:28,2021-04-30 22:09:47
31276,2014-10-07 13:45:28,2021-04-30 22:39:14
31277,2014-10-07 08:49:46,2021-04-30 22:34:19
31278,2014-11-10 11:25:04,2021-04-30 23:47:47
31279,2015-03-20 08:30:58,2021-04-30 16:45:52
31280,2015-04-08 13:07:26,2021-04-30 23:37:29
31281,2015-07-29 11:20:47,2021-04-30 22:08:52
31282,2016-03-10 16:48:29,2021-04-30 20:12:16
31283,2016-04-05 09:05:41,2021-04-30 21:27:31
31284,2016-04-19 07:03:35,2021-04-30 17:44:50
31285,2016-04-19 08:34:25,2021-04-30 23:30:20
31286,2016-05-19 14:06:02,2021-04-30 23:59:08
31287,2016-05-19 09:16:55,2021-04-30 22:09:44
31288,2016-06-14 08:10:44,2021-04-30 19:55:32
31289,2016-06-14 10:07:10,2021-04-30 23:41:27
31290,2016-06-14 10:45:19,2021-04-30 22:26:07
31291,2016-08-09 08:37:03,2021-04-30 20:44:05
31292,2016-10-05 13:33:54,2021-04-30 20:45:53
31293,2017-03-23 08:47:33,2021-04-30 23:21:00
31294,2017-03-24 12:31:06,2021-04-30 19:22:19
31295,2017-04-13 10:59:01,2021-04-30 23:49:46
31296,2017-04-27 13:55:16,2021-04-30 22:45:23
31297,2017-06-01 10:24:51,2021-04-30 23:09:38
31298,2017-06-01 11:57:03,2021-04-30 20:29:30
31299,2017-06-08 14:56:06,2021-04-30 23:44:00
31300,2010-09-24 15:17:54,2021-04-30 22:56:16
31301,2010-09-26 12:33:00,2021-04-30 23:07:18
31302,2010-09-25 07:50:49,2021-04-30 23:07:18
31303,2010-10-15 20:41:44,2021-04-30 18:07:48
31304,2010-11-08 14:33:29,2021-04-30 19:31:18
31305,2010-10-10 11:08:10,2021-04-30 19:37:13
31306,2012-02-10 14:30:31,2021-04-30 18:50:29
31307,2011-12-21 18:52:32,2021-04-30 20:03:44
31308,2013-02-11 16:57:49,2021-04-30 16:46:13
31309,2013-02-11 09:43:16,2021-04-30 17:09:35
31310,2013-04-25 14:49:56,2021-04-30 22:56:16
31312,2013-04-25 13:47:29,2021-04-30 23:05:45
31313,2013-12-13 20:22:43,2021-04-30 17:31:27
31314,2014-07-09 11:48:30,2021-04-30 19:34:15
31315,2014-10-15 11:11:10,2021-04-30 18:41:12
31316,2016-01-14 17:39:02,2021-04-29 19:45:31
31317,2016-03-10 11:16:53,2021-04-30 23:12:56
31318,2016-05-27 09:39:37,2021-04-30 23:44:00
31319,2016-09-20 09:12:23,2021-04-30 17:41:47
31320,2017-06-22 19:40:25,2021-04-30 16:43:52
31321,2017-06-22 10:07:12,2021-04-30 23:47:52
31322,2018-09-15 12:26:36,2021-04-30 17:36:48
31323,2018-12-12 16:10:10,2021-04-30 23:41:26
31324,2019-01-24 14:08:25,2021-04-30 23:59:08
31325,2020-01-03 10:07:05,2021-04-30 23:58:07
31326,2020-05-01 00:31:33,2021-04-30 19:00:21
31327,2020-08-13 14:23:09,2021-04-30 23:50:45
31328,2020-11-10 12:46:45,2021-04-30 23:05:03
31400,2010-09-20 17:35:58,2021-04-30 23:02:11
31401,2010-09-20 19:14:22,2021-04-30 23:58:10
31402,2010-09-26 21:42:43,2021-04-30 16:56:35
31403,2013-04-12 16:37:01,2021-04-30 21:11:27
31404,2011-12-06 17:01:49,2021-04-30 16:15:27
31405,2013-04-13 17:16:43,2021-04-30 20:48:14
31406,2013-04-12 17:36:55,2021-04-30 23:56:00
31407,2013-04-12 16:37:01,2021-04-30 23:37:38
31408,2014-02-19 14:09:14,2021-04-30 16:43:25
31411,2015-08-25 08:40:15,2021-04-30 21:58:41
31412,2016-12-22 17:13:28,2021-04-30 13:37:30
31413,2017-03-08 13:03:47,2021-04-30 19:07:22
31414,2017-03-09 09:23:27,2021-04-30 23:02:15
31415,2018-01-10 17:40:02,2021-04-30 23:51:42
31416,2018-09-14 13:39:59,2021-04-30 17:43:57
31417,2018-10-05 15:30:51,2021-04-30 20:16:19
31418,2019-01-11 06:12:47,2021-04-30 15:58:35
31419,2019-05-23 14:39:15,2021-04-30 23:28:46
31420,2019-07-24 16:30:05,2021-04-30 10:52:35
31421,2020-05-01 16:20:27,2021-04-30 22:15:11
31422,2020-09-23 14:31:35,2021-04-27 16:20:47
31423,2020-11-26 15:22:09,2021-04-30 19:15:35
31500,2010-09-20 12:21:52,2021-04-30 23:04:50
31501,2010-10-05 17:36:37,2021-04-30 17:33:49
31502,2010-09-20 19:06:48,2021-04-30 18:00:34
31503,2010-09-24 10:29:41,2021-04-30 23:49:04
31504,2010-10-16 13:55:15,2021-04-30 22:53:14
31505,2010-10-14 18:07:40,2021-04-30 23:31:42
31506,2011-12-06 09:11:04,2021-04-30 23:51:30
31507,2012-02-14 12:58:35,2021-04-30 19:44:42
31508,2012-07-11 17:12:37,2021-04-30 19:05:18
31509,2013-05-14 08:01:45,2021-04-30 23:43:50
31510,2013-05-30 12:14:56,2021-04-30 12:23:44
31511,2013-05-30 11:53:41,2021-04-30 18:19:27
31512,2013-06-14 11:32:14,2021-04-30 23:27:36
31513,2013-07-30 16:33:53,2021-04-30 19:23:36
31514,2013-08-16 16:39:39,2021-04-30 23:58:56
31515,2014-02-19 14:09:14,2021-04-30 13:37:30
31516,2014-02-24 12:19:56,2021-04-30 16:21:20
31517,2014-11-19 21:00:00,2021-04-30 23:29:18
31518,2015-11-12 18:05:23,2021-04-30 22:36:57
31519,2016-04-05 18:46:55,2021-04-30 21:53:47
31520,2016-09-10 11:05:16,2021-04-30 14:47:58
31521,2017-03-08 15:37:48,2021-04-30 18:05:13
31522,2017-06-01 16:22:38,2021-04-30 22:53:14
31523,2017-12-01 13:55:44,2021-04-30 23:30:31
31524,2018-11-21 15:06:30,2021-04-30 17:48:02
31525,2019-01-10 09:13:07,2021-04-30 21:11:26
31526,2019-06-06 14:25:58,2021-04-30 17:41:16
31527,2019-07-30 16:04:23,2021-04-30 23:49:04
31528,2019-08-23 16:58:07,2021-04-30 16:01:44
31529,2019-09-18 07:06:26,2021-04-30 19:33:39
31530,2020-07-16 14:59:50,2021-04-30 20:10:32
31600,2010-09-20 12:05:37,2021-04-30 21:58:28
31601,2010-09-20 12:18:38,2021-04-30 19:04:20
31602,2010-09-20 12:06:05,2021-04-30 19:15:03
31603,2010-09-20 12:19:46,2021-04-30 22:27:19
31604,2010-09-21 15:33:32,2021-04-30 23:19:20
31605,2010-09-22 15:18:17,2021-04-30 22:50:58
31606,2010-09-22 13:56:32,2021-04-30 22:36:55
31607,2010-09-22 15:18:17,2021-04-30 16:59:04
31608,2010-09-24 12:57:00,2021-04-30 20:50:17
31609,2010-10-13 09:39:35,2021-04-30 21:46:36
31610,2010-09-29 21:14:55,2021-04-30 18:19:02
31611,2010-10-09 13:05:56,2021-04-30 23:44:56
31612,2012-02-24 10:08:56,2021-04-30 23:24:07
31613,2010-10-06 14:40:18,2021-04-30 23:52:20
31614,2011-12-12 18:05:09,2021-04-30 22:11:41
31615,2011-12-12 09:20:42,2021-04-30 23:44:29
31616,2010-10-14 18:06:20,2021-04-30 23:24:07
31617,2010-10-27 20:28:25,2021-04-30 19:14:04
31618,2010-10-29 17:35:57,2021-04-30 21:39:55
31619,2010-10-25 17:24:22,2021-04-30 22:18:02
31620,2010-10-09 08:58:14,2021-04-30 21:07:07
31621,2011-06-25 09:59:09,2021-04-30 23:27:44
31622,2010-10-26 16:55:24,2021-04-30 23:52:20
31623,2010-10-26 11:47:25,2021-04-30 22:58:43
31624,2010-10-26 14:47:58,2021-04-30 19:24:31
31625,2011-07-17 12:23:05,2021-04-30 20:16:36
31626,2011-12-22 17:01:46,2021-04-30 20:49:16
31627,2013-02-15 07:05:18,2021-04-30 23:37:29
31628,2012-02-08 13:46:17,2021-04-30 23:28:46
31629,2013-05-14 12:20:20,2021-04-30 23:10:52
31630,2013-05-14 13:09:29,2021-04-30 23:25:36
31631,2013-05-14 15:37:08,2021-04-30 23:10:52
31632,2013-05-30 12:13:26,2021-04-30 21:37:28
31633,2013-08-06 10:53:55,2021-04-30 17:22:36
31634,2013-10-02 07:48:28,2021-04-30 22:57:48
31635,2013-10-09 12:40:31,2021-04-30 18:49:12
31636,2013-11-05 09:19:31,2021-04-30 23:39:56
31637,2013-12-13 10:01:48,2021-04-30 18:12:14
31638,2014-02-18 16:19:30,2021-04-30 20:54:48
31639,2015-06-18 07:14:40,2021-04-30 22:11:41
31640,2015-11-10 11:11:14,2021-04-30 23:02:44
31641,2016-05-27 13:22:12,2021-04-30 22:16:43
31642,2016-08-02 08:42:47,2021-04-30 23:49:46
31643,2016-09-16 12:28:51,2021-04-30 21:43:59
31644,2016-12-15 13:49:58,2021-04-30 22:06:24
31645,2016-12-21 17:23:26,2021-04-30 22:56:00
31646,2017-10-10 10:24:19,2021-04-30 23:43:50
31647,2018-01-10 15:33:42,2021-04-30 23:27:44
31648,2018-07-11 14:16:14,2021-04-30 16:50:32
31649,2018-09-13 12:08:11,2021-04-30 23:52:50
31650,2018-09-14 13:16:02,2021-04-30 22:44:33
31651,2018-09-26 14:52:26,2021-04-30 23:37:16
31652,2018-11-14 13:16:44,2021-04-30 21:27:01
31653,2018-10-17 12:11:52,2021-04-30 20:03:17
31654,2018-11-14 10:40:20,2021-04-30 23:30:04
31655,2018-12-06 12:41:50,2021-04-30 21:27:07
31656,2018-12-11 13:50:42,2021-04-30 22:58:43
31657,2018-12-11 19:54:03,2021-04-30 22:14:50
31658,2019-01-10 07:49:32,2021-04-30 18:50:08
31659,2019-01-10 16:40:27,2021-04-30 20:51:21
31660,2019-10-31 17:43:51,2021-04-30 23:31:42
31661,2020-05-01 13:16:40,2021-04-30 23:49:20
31662,2020-05-26 12:17:36,2021-04-30 23:53:31
31663,2020-07-22 21:06:08,2021-04-30 20:49:12
31664,2020-08-14 12:02:05,2021-04-30 15:23:11
31665,2020-09-11 10:31:11,2021-04-30 19:04:17
31666,2020-11-13 12:13:19,2021-04-30 23:34:07
31667,2020-12-23 14:18:59,2021-04-30 23:07:17
31668,2020-12-29 16:22:37,2021-04-30 20:05:37
31669,2021-01-05 17:40:39,2021-04-30 19:13:56
31671,2021-01-17 11:01:41,2021-04-30 13:40:44
31700,2010-10-12 16:48:16,2021-04-29 15:58:53
31701,2011-06-29 20:11:10,2021-04-27 13:33:05
31702,2010-09-25 13:52:19,2021-04-30 20:13:49
31703,2010-09-20 12:19:46,2021-04-30 16:26:43
31704,2010-10-05 17:58:49,2021-04-29 23:13:59
31705,2010-11-06 13:13:49,2021-04-30 16:52:40
31706,2011-07-27 20:54:02,2021-04-21 11:03:58
31707,2011-12-22 13:32:07,2021-04-30 16:52:40
31708,2011-12-22 13:32:07,2021-04-30 19:05:13
31709,2013-06-04 11:21:02,2016-04-11 12:01:41
31710,2013-11-11 09:13:31,2021-04-30 07:14:24
31711,2013-11-11 09:29:29,2021-04-30 15:37:01
31712,2015-09-11 16:10:24,2021-04-30 19:21:34
31713,2016-08-23 11:34:18,2021-04-28 11:56:50
31714,2016-10-09 12:17:06,2021-04-30 07:14:24
31715,2017-09-24 09:20:47,2021-04-29 19:00:49
31716,2019-11-01 13:19:02,2021-04-30 19:16:27
31717,2019-11-09 15:23:06,2021-04-29 11:31:17
31718,2019-12-31 12:15:23,2021-04-17 11:01:56
31719,2020-05-27 19:33:45,2021-04-30 17:23:38
31720,2021-02-23 09:25:00,2021-04-30 16:59:22
31800,2013-06-04 07:33:58,2021-04-30 13:06:10
31801,2010-09-22 09:36:42,2021-04-30 17:03:48
31802,2010-09-20 16:55:04,2021-04-30 13:33:30
31803,2012-05-03 16:14:57,2021-04-30 16:00:51
31804,2010-10-24 16:59:45,2021-04-30 12:31:49
31805,2010-10-08 21:35:37,2021-04-30 14:12:48
31806,2011-12-24 13:43:01,2021-04-30 15:45:45
31807,2013-06-04 07:33:58,2021-04-30 09:54:08
31811,2016-04-13 10:06:19,2021-04-30 13:50:04
31812,2016-09-09 17:14:04,2021-04-30 13:23:30
31813,2017-09-21 09:30:00,2021-04-30 15:45:45
31814,2017-09-22 09:42:56,2021-04-29 12:54:55
31815,2017-09-21 21:21:38,2021-04-30 11:05:41
31816,2017-09-21 00:59:02,2021-04-29 02:31:40
31817,2017-09-29 10:02:28,2021-04-29 21:01:40
31818,2017-09-21 01:11:03,2021-04-30 05:11:15
31819,2017-10-06 16:39:19,2021-04-29 09:39:11
31820,2018-02-01 11:49:06,2021-04-30 16:16:52
31822,2018-09-12 12:23:53,2021-04-23 22:15:37
31823,2019-02-14 12:21:16,2021-04-29 09:54:56
31824,2019-12-18 13:05:06,2021-04-30 13:59:06
31825,2019-12-25 14:52:03,2021-04-25 19:59:05
31826,2020-05-14 22:06:54,2021-04-30 16:59:22
31900,2016-02-19 17:30:29,2021-04-30 19:18:44
31901,2016-02-23 22:34:23,2021-04-30 18:04:11
31902,2016-02-24 06:28:15,2021-04-30 20:46:13
31903,2016-04-28 19:40:06,2021-04-30 18:09:10
31904,2016-06-04 08:58:28,2021-04-30 17:41:01
31905,2016-09-14 08:18:08,2021-04-30 13:40:00
31906,2016-06-07 18:18:57,2021-04-30 16:46:44
31907,2016-07-21 13:43:38,2021-04-28 17:57:03
31908,2016-06-09 14:32:00,2021-04-29 12:13:58
31909,2016-07-20 15:53:58,2021-04-30 17:31:38
31910,2016-06-07 19:05:33,2021-04-30 14:18:10
31912,2016-07-20 15:12:49,2021-04-30 17:11:24
31913,2016-06-08 14:52:03,2021-04-30 16:53:14
31914,2016-07-22 09:09:19,2021-04-29 16:05:48
31915,2016-07-28 16:39:03,2021-04-30 15:02:45
31916,2016-07-28 17:28:28,2021-04-30 22:32:58
31917,2016-11-09 17:07:37,2021-04-29 21:26:18
31918,2016-11-10 12:12:24,2021-04-30 20:47:03
31919,2016-12-20 17:48:19,2021-04-30 16:26:01
31920,2017-05-05 11:23:21,2021-04-30 15:41:56
31921,2017-05-04 17:49:56,2021-04-29 21:48:14
31923,2017-05-10 13:38:25,2021-04-30 23:49:19
31924,2017-06-13 18:36:02,2021-04-30 19:30:59
31925,2018-08-16 17:09:16,2021-03-08 16:48:30
31926,2020-05-07 17:15:29,2021-04-30 16:31:20
31927,2020-06-25 12:19:04,2021-04-30 16:35:01
31928,2020-06-30 16:53:51,2021-04-30 14:18:10
31929,2020-05-09 07:52:38,2021-04-30 19:17:41
31930,2020-07-09 15:21:32,2021-04-30 22:50:05
31931,2020-09-29 18:22:47,2021-04-30 05:27:26
31933,2020-10-27 13:29:02,2021-04-30 13:15:39
31935,2020-12-02 13:46:24,2021-04-30 20:25:10
31936,2020-11-08 09:08:44,2021-04-30 18:43:52
31937,2020-12-08 23:18:54,2021-04-30 23:49:44
31938,2020-12-09 16:38:24,2021-04-30 19:03:50
31939,2020-12-10 14:51:17,2021-04-30 16:24:16
31940,2020-12-15 17:51:05,2021-04-30 20:09:37
31941,2021-02-09 17:44:00,2021-04-29 17:30:45
31942,2021-03-05 13:56:18,2021-04-27 14:58:07
31943,2021-03-08 15:33:23,2021-04-28 23:57:38
31944,2021-03-12 15:31:11,2021-04-30 17:28:17
31945,2021-03-23 19:14:13,2021-04-30 22:56:16
31946,2021-04-28 19:55:07,2021-04-28 19:55:07
32000,2013-09-27 12:43:25,2021-04-30 15:54:12
32001,2013-09-28 12:58:45,2021-04-30 16:23:33
32002,2013-09-27 12:43:25,2021-04-30 17:43:22
32003,2013-10-20 17:20:07,2021-04-30 22:57:39
32004,2013-09-29 11:26:46,2021-04-30 11:45:11
32005,2013-09-29 12:13:34,2021-04-23 17:10:28
32006,2013-04-25 17:28:25,2021-04-30 13:37:09
32007,2013-09-27 10:23:03,2021-04-29 18:16:46
32008,2013-09-27 13:27:06,2021-04-29 19:25:41
32009,2013-09-27 17:35:58,2021-04-29 17:47:11
32010,2013-09-27 14:12:55,2021-04-30 15:34:13
32011,2013-09-27 13:31:28,2021-04-30 21:14:55
32012,2013-09-27 14:12:55,2021-04-30 17:51:21
32013,2013-09-27 15:48:22,2021-04-30 21:05:33
32014,2013-09-27 12:02:07,2021-04-30 18:23:15
32015,2013-10-18 17:39:40,2020-06-16 18:57:16
32016,2013-10-18 16:57:07,2021-04-30 18:37:01
32017,2013-11-01 13:09:20,2021-04-30 20:12:35
32018,2013-10-18 17:39:40,2021-04-25 15:14:11
32019,2013-10-30 17:59:21,2021-04-30 15:58:12
32020,2013-10-19 11:22:34,2020-06-12 17:17:53
32021,2013-10-19 17:31:19,2021-04-29 17:18:03
32022,2013-10-29 19:17:34,2021-04-30 11:01:52
32023,2013-10-19 17:24:57,2021-04-27 14:24:29
32024,2013-10-31 10:02:06,2021-04-29 19:51:27
32025,2013-10-29 12:09:55,2021-04-30 23:56:00
32026,2013-10-29 19:08:32,2021-04-30 13:18:36
32027,2013-10-25 17:21:57,2021-04-30 19:49:28
32028,2013-10-25 17:34:07,2021-04-29 19:43:33
32029,2013-10-25 13:30:00,2021-04-30 17:37:16
32030,2013-10-29 15:17:11,2020-06-09 19:23:42
32031,2013-10-27 12:08:50,2019-11-12 11:45:02
32032,2013-10-27 14:44:58,2021-04-30 20:12:35
32033,2013-10-27 15:28:44,2021-04-29 23:11:49
32034,2013-10-30 18:11:02,2021-04-30 20:54:19
32035,2013-10-31 10:17:53,2021-04-30 16:03:02
32036,2013-10-30 18:11:02,2021-04-30 22:10:23
32037,2013-11-01 13:09:20,2021-04-30 11:45:11
32038,2013-11-06 14:44:08,2021-04-30 15:04:34
32039,2013-11-13 15:18:23,2021-04-30 20:11:20
32040,2013-11-13 17:04:43,2021-04-30 18:38:56
32041,2014-01-09 11:54:41,2021-04-26 11:56:07
32042,2014-01-09 14:47:17,2021-04-27 09:35:20
32043,2014-02-08 10:56:17,2021-04-30 16:23:33
32044,2014-02-23 15:10:47,2021-04-29 17:47:11
32045,2014-04-19 17:49:39,2021-04-26 11:14:52
32046,2014-04-08 15:40:07,2021-04-30 21:05:33
32047,2014-04-19 17:49:39,2021-04-29 18:16:46
32048,2014-04-30 12:59:59,2021-04-30 14:44:09
32049,2014-09-05 11:19:30,2021-04-30 17:50:38
32050,2014-11-20 12:39:12,2021-04-30 21:39:52
32051,2016-01-14 18:06:18,2021-04-27 16:53:22
32052,2016-02-20 12:53:55,2021-04-26 18:14:24
32053,2016-02-23 17:56:37,2021-04-30 17:03:25
32054,2016-04-01 17:50:04,2021-04-27 12:47:45
32055,2016-04-02 10:35:58,2021-04-30 20:11:20
32056,2016-04-21 16:35:33,2021-04-30 11:26:39
32057,2017-01-08 09:37:02,2021-04-30 17:03:25
32058,2016-11-10 09:39:23,2021-04-30 22:10:23
32059,2017-02-17 11:46:18,2021-04-30 23:55:22
32061,2017-02-17 10:22:06,2021-04-26 10:51:26
32062,2017-03-01 12:23:55,2021-04-30 15:48:28
32063,2017-02-28 14:34:37,2021-04-30 15:48:28
32064,2017-03-02 07:51:02,2021-04-28 18:57:54
32065,2017-03-02 18:30:30,2021-04-28 20:25:15
32066,2017-03-02 18:17:58,2021-04-30 10:44:10
32067,2017-04-11 19:35:51,2021-04-30 08:56:37
32068,2017-05-13 14:50:21,2021-04-19 18:06:58
32069,2017-05-18 11:38:19,2021-04-30 08:56:37
32070,2017-05-29 10:05:07,2021-04-28 18:35:43
32071,2017-08-05 14:20:34,2021-04-29 16:12:14
32072,2017-09-07 02:41:07,2021-04-27 09:35:20
32073,2018-01-10 09:59:10,2021-04-28 23:36:55
32074,2018-03-18 13:38:42,2021-04-26 10:57:04
32075,2018-03-19 16:22:39,2021-04-30 18:31:50
32076,2018-03-23 10:52:47,2021-04-30 07:10:06
32077,2018-03-23 13:41:25,2021-04-30 16:13:42
32078,2018-03-28 14:14:55,2021-04-29 18:03:11
32079,2018-03-27 17:47:47,2021-04-30 18:31:50
32080,2018-03-28 19:01:23,2021-04-26 16:52:25
32081,2018-03-29 13:01:51,2021-04-26 18:49:01
32082,2018-04-28 10:22:50,2021-04-30 23:55:22
32083,2018-05-23 10:17:42,2021-04-28 16:29:56
32084,2019-09-07 09:38:15,2021-04-25 13:39:40
32085,2020-05-02 09:28:33,2021-04-30 16:03:02
32086,2020-05-02 14:47:39,2021-04-30 12:23:39
32087,2020-05-05 18:13:39,2021-04-28 19:43:40
32088,2020-05-01 17:48:30,2021-04-29 19:05:51
32089,2020-05-03 18:29:15,2021-04-26 18:44:06
32090,2020-05-01 21:53:47,2021-04-30 17:06:06
32091,2020-05-04 08:55:32,2021-04-24 11:25:52
32092,2020-05-02 13:20:54,2021-04-30 12:23:39
32093,2020-05-01 10:31:07,2021-04-30 17:06:06
32094,2020-05-02 16:00:59,2021-04-30 14:24:14
32200,2016-10-05 11:23:48,2021-04-30 13:11:48
32201,2016-10-21 15:38:10,2021-04-28 20:18:40
32202,2016-10-21 16:08:01,2017-05-20 20:20:46
32203,2017-01-06 08:44:08,2021-04-29 23:49:46
32204,2016-12-20 10:43:24,2021-04-30 08:37:41
32205,2016-10-21 15:50:22,2021-04-26 18:56:34
32206,2016-10-21 15:43:51,2021-04-28 19:12:19
32207,2016-10-21 15:59:28,2021-04-28 19:12:19
32208,2016-10-21 15:33:33,2021-04-30 14:04:52
32209,2017-01-13 10:40:06,2021-04-17 12:17:54
32210,2016-10-21 09:50:04,2021-04-30 12:30:36
32211,2016-10-05 09:37:04,2021-04-29 18:57:20
32212,2016-10-21 05:46:52,2021-04-30 22:56:30
32213,2016-10-21 09:09:29,2021-04-29 16:13:01
32214,2016-10-05 10:47:51,2021-04-30 21:14:02
32215,2016-10-05 09:37:04,2021-04-29 14:12:37
32216,2016-10-21 04:56:12,2021-04-28 21:35:45
32217,2017-01-18 16:21:23,2021-04-30 16:43:24
32218,2016-10-21 05:46:52,2021-04-28 19:26:25
32219,2016-10-21 09:09:29,2021-04-27 17:46:57
32220,2017-04-02 13:36:46,2021-04-30 16:43:24
32221,2016-10-26 13:44:26,2021-04-28 15:11:07
32222,2016-12-19 19:42:37,2021-04-27 17:45:09
32223,2017-02-23 16:46:58,2021-04-23 19:54:43
32224,2017-04-20 12:24:11,2021-04-26 20:03:13
32225,2017-05-09 17:30:24,2021-04-26 22:07:18
32227,2018-05-02 16:17:54,2021-04-28 13:19:08
32228,2018-10-12 17:25:46,2021-04-17 15:09:49
32229,2018-10-19 19:04:11,2021-04-30 08:37:41
32230,2019-01-23 09:54:09,2021-04-30 14:04:52
32231,2019-05-16 19:00:00,2021-04-30 14:14:29
32232,2019-05-08 20:51:32,2021-04-24 14:34:36
32233,2019-05-16 17:44:16,2021-04-28 18:57:56
32234,2019-05-21 19:58:04,2021-04-29 15:41:39
32235,2019-06-18 13:25:01,2021-04-30 14:14:29
32236,2020-05-20 12:06:24,2021-04-28 18:01:44
32400,2018-06-06 17:03:30,2021-04-30 13:22:35
32401,2018-06-02 18:43:58,2021-04-29 15:12:54
32402,2018-06-04 11:32:20,2021-04-30 14:03:44
32403,2018-06-01 09:00:53,2021-04-30 16:01:18
32404,2018-06-01 17:21:42,2021-04-30 06:39:12
32405,2018-08-27 12:35:53,2021-04-30 13:22:35
32406,2018-09-18 19:17:53,2021-04-29 14:32:18
32407,2018-09-22 16:29:36,2021-04-25 19:22:19
32408,2019-04-18 23:00:03,2021-04-30 16:23:24
32409,2019-07-04 22:21:17,2021-04-30 13:59:06
32410,2019-04-25 14:04:54,2021-04-30 16:03:59
32411,2019-04-17 15:43:21,2021-04-29 09:52:41
32412,2019-04-27 12:59:40,2021-04-30 13:37:22
32413,2019-04-19 18:27:12,2021-04-29 22:28:18
32414,2019-04-28 12:07:26,2021-04-30 14:27:09
32415,2019-04-17 12:59:58,2021-04-30 16:53:27
32416,2019-04-12 06:08:20,2021-04-30 14:08:48
32417,2019-04-13 11:20:46,2021-04-24 12:56:08
32418,2019-09-04 17:12:37,2021-04-30 16:03:59
32419,2019-09-09 16:57:47,2021-04-29 16:34:10
32420,2019-09-11 17:19:19,2021-04-30 16:49:50
32421,2019-09-13 06:34:26,2021-04-30 14:03:44
32422,2019-09-11 19:11:18,2021-04-30 16:01:18
32423,2019-12-07 13:28:16,2021-04-30 16:53:27
32600,2019-05-08 18:10:48,2021-04-29 11:19:18
32601,2019-05-08 12:13:33,2021-04-28 17:25:18
32602,2019-05-09 07:29:50,2021-04-30 15:31:46
32603,2019-05-09 13:02:19,2021-04-29 19:08:19
32604,2019-05-08 12:13:33,2021-04-29 16:08:28
32605,2019-05-09 11:13:34,2021-04-30 15:05:23
32606,2019-05-09 15:52:39,2021-04-30 17:18:31
32607,2019-05-08 18:10:48,2021-04-30 17:16:29
32608,2019-05-09 08:51:22,2021-04-27 16:56:30
32609,2019-05-09 11:13:34,2021-04-30 09:59:54
32900,2020-05-07 09:37:54,2020-11-11 12:17:15
32901,2020-05-01 12:43:18,2021-04-28 08:20:43
32902,2020-07-29 11:19:11,2020-09-16 17:12:45
